"dt_ini","dt_fin","id_cnpj","reg","ind_mov","cod_or","vl_or","dt_vcto","cod_rec","id_importation","id_tenant","dt_created","dt_updated","year","month","day","hour","minute","rown"
"01/11/2022","30/11/2022","35068230000258",E001,"0","000",7373.42,"19122022","380-8","6601c26ae4d1f54a569c6d53",paulatorres,"2024-03-25 18:49","2024-03-25 18:49",2024,3,25,18,49,1
"01/11/2023","30/11/2023","35068230000258",E001,"0","000",18891.29,"18022023","380-8","6601c26ae4d1f54a569c6d53",paulatorres,"2024-03-25 18:49","2024-03-25 18:49",2024,3,25,18,49,1
"01/12/2023","31/12/2023","09017661000951",E001,"0","000",12090.98,"22012024","1317","6601c26ae4d1f54a569c6d53",paulatorres,"2024-03-25 18:49","2024-03-25 18:49",2024,3,25,18,49,1
"01/03/2023","31/03/2023","35068230000258",E001,"0","000",113749.16,"18042023","380-8","6601c26ae4d1f54a569c6d53",paulatorres,"2024-03-25 18:49","2024-03-25 18:49",2024,3,25,18,49,1
"01/11/2022","30/11/2022","35068230000258",E001,"0","000",258.07,"19122022","472-3","6601c26ae4d1f54a569c6d53",paulatorres,"2024-03-25 18:49","2024-03-25 18:49",2024,3,25,18,49,1
"01/09/2023","30/09/2023","09017661001095",E001,"0","000",3000.81,"13102023","1015","6601c26ae4d1f54a569c6d53",paulatorres,"2024-03-25 18:49","2024-03-25 18:49",2024,3,25,18,49,1
"01/04/2023","30/04/2023","35068230000258",E001,"0","000",101369.21,"18052023","380-8","6601c26ae4d1f54a569c6d53",paulatorres,"2024-03-25 18:49","2024-03-25 18:49",2024,3,25,18,49,1
"01/12/2023","31/12/2023","35068230000258",E001,"0","000",1814.97,"18012024","472-3","6601c26ae4d1f54a569c6d53",paulatorres,"2024-03-25 18:49","2024-03-25 18:49",2024,3,25,18,49,1
"01/12/2023","31/12/2023","35068230000258",E001,"0","000",51856.15,"18012024","380-8","6601c26ae4d1f54a569c6d53",paulatorres,"2024-03-25 18:49","2024-03-25 18:49",2024,3,25,18,49,1
"01/05/2023","31/05/2023","35068230000258",E001,"0","000",675.48,"19062023","121-0","6601c26ae4d1f54a569c6d53",paulatorres,"2024-03-25 18:49","2024-03-25 18:49",2024,3,25,18,49,1
"01/11/2023","30/11/2023","35068230000258",E001,"0","000",661.2,"18122023","472-3","6601c26ae4d1f54a569c6d53",paulatorres,"2024-03-25 18:49","2024-03-25 18:49",2024,3,25,18,49,1
"01/07/2023","31/07/2023","35068230000258",E001,"0","000",1913.25,"18082023","472-3","6601c26ae4d1f54a569c6d53",paulatorres,"2024-03-25 18:49","2024-03-25 18:49",2024,3,25,18,49,1
"01/11/2023","30/11/2023","09017661000951",E001,"0","000",30573.05,"20122023","1317","6601c26ae4d1f54a569c6d53",paulatorres,"2024-03-25 18:49","2024-03-25 18:49",2024,3,25,18,49,1
"01/04/2023","30/04/2023","35068230000258",E001,"0","000",3547.92,"18052023","472-3","6601c26ae4d1f54a569c6d53",paulatorres,"2024-03-25 18:49","2024-03-25 18:49",2024,3,25,18,49,1
"01/10/2023","31/10/2023","09017661001095",E001,"0","000",6051.52,"14112023","1015","6601c26ae4d1f54a569c6d53",paulatorres,"2024-03-25 18:49","2024-03-25 18:49",2024,3,25,18,49,1
"01/01/2023","31/01/2023","09017661000102",E001,"0","000",46328.75,"22022023","046-2","6601c26ae4d1f54a569c6d53",paulatorres,"2024-03-25 18:49","2024-03-25 18:49",2024,3,25,18,49,1
"01/03/2023","31/03/2023","35068230000258",E001,"0","000",124649.25,"18042023","121-0","6601c26ae4d1f54a569c6d53",paulatorres,"2024-03-25 18:49","2024-03-25 18:49",2024,3,25,18,49,1
"01/05/2023","31/05/2023","35068230000258",E001,"0","000",2334.99,"19062023","472-3","6601c26ae4d1f54a569c6d53",paulatorres,"2024-03-25 18:49","2024-03-25 18:49",2024,3,25,18,49,1
"01/07/2023","31/07/2023","35068230000258",E001,"0","000",54664.32,"18082023","380-8","6601c26ae4d1f54a569c6d53",paulatorres,"2024-03-25 18:49","2024-03-25 18:49",2024,3,25,18,49,1
"01/08/2023","31/08/2023","35068230000258",E001,"0","000",3799.6,"18092023","472-3","6601c26ae4d1f54a569c6d53",paulatorres,"2024-03-25 18:49","2024-03-25 18:49",2024,3,25,18,49,1
"01/02/2023","28/02/2023","35068230000258",E001,"0","000",32949.22,"17032023","380-8","6601c26ae4d1f54a569c6d53",paulatorres,"2024-03-25 18:49","2024-03-25 18:49",2024,3,25,18,49,1
"01/12/2022","31/12/2022","35068230000258",E001,"0","000",49758.6,"18012023","380-8","6601c26ae4d1f54a569c6d53",paulatorres,"2024-03-25 18:49","2024-03-25 18:49",2024,3,25,18,49,1
"01/09/2022","30/09/2022","35068230000258",E001,"0","000",66649.18,"18102022","380-8","6601c26ae4d1f54a569c6d53",paulatorres,"2024-03-25 18:49","2024-03-25 18:49",2024,3,25,18,49,1
"01/12/2022","31/12/2022","35068230000258",E001,"0","000",1741.55,"18012023","472-3","6601c26ae4d1f54a569c6d53",paulatorres,"2024-03-25 18:49","2024-03-25 18:49",2024,3,25,18,49,1
"01/08/2023","31/08/2023","35068230000258",E001,"0","000",1056.78,"18092023","121-0","6601c26ae4d1f54a569c6d53",paulatorres,"2024-03-25 18:49","2024-03-25 18:49",2024,3,25,18,49,1
"01/09/2023","30/09/2023","35068230000258",E001,"0","000",53834.55,"18102023","380-8","6601c26ae4d1f54a569c6d53",paulatorres,"2024-03-25 18:49","2024-03-25 18:49",2024,3,25,18,49,1
"01/08/2023","31/08/2023","35068230000258",E001,"0","000",108559.93,"18092023","380-8","6601c26ae4d1f54a569c6d53",paulatorres,"2024-03-25 18:49","2024-03-25 18:49",2024,3,25,18,49,1
"01/06/2023","30/06/2023","35068230000258",E001,"0","000",49692.65,"18072023","380-8","6601c26ae4d1f54a569c6d53",paulatorres,"2024-03-25 18:49","2024-03-25 18:49",2024,3,25,18,49,1
"01/07/2022","31/07/2022","35068230000258",E001,"0","000",1800.86,"18082022","472-3","6601c26ae4d1f54a569c6d53",paulatorres,"2024-03-25 18:49","2024-03-25 18:49",2024,3,25,18,49,1
"01/10/2023","31/10/2023","35068230000258",E001,"0","000",1927.71,"17112023","472-3","6601c26ae4d1f54a569c6d53",paulatorres,"2024-03-25 18:49","2024-03-25 18:49",2024,3,25,18,49,1
"01/03/2023","31/03/2023","35068230000258",E001,"0","000",3981.22,"18042023","472-3","6601c26ae4d1f54a569c6d53",paulatorres,"2024-03-25 18:49","2024-03-25 18:49",2024,3,25,18,49,1
"01/12/2023","31/12/2023","09017661001095",E001,"0","000",42204.21,"12012024","1015","6601c26ae4d1f54a569c6d53",paulatorres,"2024-03-25 18:49","2024-03-25 18:49",2024,3,25,18,49,1
"01/02/2023","28/02/2023","35068230000258",E001,"0","000",1886.0,"17032023","472-3","6601c26ae4d1f54a569c6d53",paulatorres,"2024-03-25 18:49","2024-03-25 18:49",2024,3,25,18,49,1
"01/10/2023","31/10/2023","35068230000258",E001,"0","000",55077.36,"17112023","380-8","6601c26ae4d1f54a569c6d53",paulatorres,"2024-03-25 18:49","2024-03-25 18:49",2024,3,25,18,49,1
"01/12/2023","31/12/2023","09017661000102",E001,"0","000",225855.25,"22012024","046-2","6601c26ae4d1f54a569c6d53",paulatorres,"2024-03-25 18:49","2024-03-25 18:49",2024,3,25,18,49,1
"01/09/2023","30/09/2023","35068230000258",E001,"0","000",1884.21,"18102023","472-3","6601c26ae4d1f54a569c6d53",paulatorres,"2024-03-25 18:49","2024-03-25 18:49",2024,3,25,18,49,1
"01/08/2022","31/08/2022","35068230000258",E001,"0","000",82805.8,"18092022","380-8","6601c26ae4d1f54a569c6d53",paulatorres,"2024-03-25 18:49","2024-03-25 18:49",2024,3,25,18,49,1
"01/10/2022","31/10/2022","35068230000258",E001,"0","000",47723.28,"18112022","380-8","6601c26ae4d1f54a569c6d53",paulatorres,"2024-03-25 18:49","2024-03-25 18:49",2024,3,25,18,49,1
"01/07/2023","31/07/2023","09017661000951",E001,"0","000",48057.13,"21072023","1317","6601c26ae4d1f54a569c6d53",paulatorres,"2024-03-25 18:49","2024-03-25 18:49",2024,3,25,18,49,1
"01/07/2022","31/07/2022","35068230000258",E001,"0","000",51453.21,"18082022","380-8","6601c26ae4d1f54a569c6d53",paulatorres,"2024-03-25 18:49","2024-03-25 18:49",2024,3,25,18,49,1
"01/05/2023","31/05/2023","35068230000258",E001,"0","000",66714.11,"19062023","380-8","6601c26ae4d1f54a569c6d53",paulatorres,"2024-03-25 18:49","2024-03-25 18:49",2024,3,25,18,49,1
"01/11/2023","30/11/2023","09017661001095",E001,"0","000",34719.1,"12122023","1015","6601c26ae4d1f54a569c6d53",paulatorres,"2024-03-25 18:49","2024-03-25 18:49",2024,3,25,18,49,1
"01/07/2023","31/07/2023","09017661000102",E001,"0","000",241708.47,"21082023","046-2","6601c26ae4d1f54a569c6d53",paulatorres,"2024-03-25 18:49","2024-03-25 18:49",2024,3,25,18,49,1
"01/11/2023","30/11/2023","09017661000102",E001,"0","000",967967.05,"20122023","046-2","6601c26ae4d1f54a569c6d53",paulatorres,"2024-03-25 18:49","2024-03-25 18:49",2024,3,25,18,49,1
"01/08/2022","31/08/2022","35068230000258",E001,"0","000",2898.2,"18092022","472-3","6601c26ae4d1f54a569c6d53",paulatorres,"2024-03-25 18:49","2024-03-25 18:49",2024,3,25,18,49,1
"01/06/2023","30/06/2023","35068230000258",E001,"0","000",1739.24,"18072023","472-3","6601c26ae4d1f54a569c6d53",paulatorres,"2024-03-25 18:49","2024-03-25 18:49",2024,3,25,18,49,1
"01/10/2022","31/10/2022","35068230000258",E001,"0","000",1670.31,"18112022","472-3","6601c26ae4d1f54a569c6d53",paulatorres,"2024-03-25 18:49","2024-03-25 18:49",2024,3,25,18,49,1
"01/09/2022","30/09/2022","35068230000258",E001,"0","000",2332.73,"18102022","472-3","6601c26ae4d1f54a569c6d53",paulatorres,"2024-03-25 18:49","2024-03-25 18:49",2024,3,25,18,49,1
