"id_cnpj","reg","dt_ini","dt_fin","vl_tot_debitos","vl_tot_debitos_sped","diff_total_debito","vl_aj_debitos","vl_tot_aj_debitos","vl_estornos_cred","total_ajuste_debitos","vl_tot_creditos","vl_tot_creditos_sped","diff_tot_creditos","vl_aj_creditos","vl_tot_aj_creditos","vl_estornos_deb","total_ajuste_creditos","vl_sld_credor_ant_sped","vl_sld_credor_ant","diff_sld_credor_ant","vl_tot_ded","deb_esp","vl_apurado_no_periodo","apuracao_icms","id_importation","dt_created","dt_updated","year","month","day","hour","minute","rown"
"09017661001095",E100,"01/01/2023","31/01/2023",39069.539999999986,"39069,54",0.0000000000145519,"0",0.0,0.0,0.0,35401.34000000002,"35401,34",-0.0000000000218279,"0",0.0,0.0,0.0,"83060","83060.00",-47658.66,"0","0",3668.2000000000044,-79391.79999999999,"6601c26ae4d1f54a569c6d53","2024-03-25 18:49","2024-03-25 18:49",2024,3,25,18,49,1
"35068230000177",E100,"01/12/2023","31/12/2023",0.0,"0",0.0,"0",0.0,0.0,0.0,0.0,"0",0.0,"0",0.0,0.0,0.0,"7,37",-7.37,7.37,"0","0",0.0,-7.37,"6601c26ae4d1f54a569c6d53","2024-03-25 18:49","2024-03-25 18:49",2024,3,25,18,49,1
"09017661000528",E100,"01/12/2023","31/12/2023",71102.35999999997,"71102,36",0.0000000000291038,"0",80578.08,0.0,80578.08,151680.44000000003,"151680,44",-0.0000000000291038,"0",0.0,0.0,0.0,"0","0.00",151680.44,"0","0",0.0,0.0,"6601c26ae4d1f54a569c6d53","2024-03-25 18:49","2024-03-25 18:49",2024,3,25,18,49,1
"09017661000366",E100,"01/01/2023","31/01/2023",67197.86000000007,"67197,86",-0.0000000000727596,"0",0.0,0.0,0.0,32784.60000000001,"32784,6",-0.0000000000145519,"0",34413.26,0.0,34413.26,"0","0.00",32784.6,"0","0",0.0,0.0,"6601c26ae4d1f54a569c6d53","2024-03-25 18:49","2024-03-25 18:49",2024,3,25,18,49,1
"09017661000447",E100,"01/09/2023","30/09/2023",113876.69000000022,"113876,69",-0.0000000002182787,"0,00",0.0,0.0,0.0,65287.29000000004,"65287,29",-0.0000000000363798,"0,00",48589.4,0.0,48589.4,"0,00","0.00",65287.29,"0,00","0,00",0.0,0.0,"6601c26ae4d1f54a569c6d53","2024-03-25 18:49","2024-03-25 18:49",2024,3,25,18,49,1
"09017661000951",E100,"01/08/2023","31/08/2023",54699.03999999993,"54699,04",0.0000000000727596,"0",0.0,0.0,0.0,85342.76000000002,"85342,76",-0.0000000000291038,"0",0.0,0.0,0.0,"0",-30643.72,115986.47999999998,"0","0",-30643.719999999994,-30643.719999999994,"6601c26ae4d1f54a569c6d53","2024-03-25 18:49","2024-03-25 18:49",2024,3,25,18,49,1
"09017661001095",E100,"01/08/2023","31/08/2023",46888.380000000034,"46888,38",-0.0000000000363798,"0",0.0,0.0,0.0,52597.16999999996,"52597,17",0.0000000000363798,"0",0.0,0.0,0.0,"18155,08",-23863.87,76461.04000000001,"0","0",-5708.790000000001,-23863.870000000003,"6601c26ae4d1f54a569c6d53","2024-03-25 18:49","2024-03-25 18:49",2024,3,25,18,49,1
"09017661000285",E100,"01/10/2023","31/10/2023",59567.579999999914,"59567,58",0.0000000000873115,"0,00",0.0,0.0,0.0,49854.22999999996,"49854,23",0.0000000000436557,"0,00",9713.35,0.0,9713.35,"0,00",-0.00,49854.23,"0,00","0,00",-0.000000000001819,-0.000000000001819,"6601c26ae4d1f54a569c6d53","2024-03-25 18:49","2024-03-25 18:49",2024,3,25,18,49,1
"09017661000366",E100,"01/10/2023","31/10/2023",24603.710000000003,"24603,71",-0.000000000003638,"0",0.0,0.0,0.0,35143.74999999998,"35143,75",0.0000000000218279,"0",0.0,0.0,0.0,"9756,44",-20296.48,55440.23,"0","0",-10540.04,-20296.480000000003,"6601c26ae4d1f54a569c6d53","2024-03-25 18:49","2024-03-25 18:49",2024,3,25,18,49,1
"35068230000258",E100,"01/09/2023","30/09/2023",587286.0499999954,"587286,05",0.0000000046566129,"0",1888.9,1367.73,3256.63,114977.62000000024,"114977,62",-0.0000000002473826,"0",0.0,419846.3,419846.3,"0","55718.76",59258.85999999993,"0","0",55718.76000000007,55718.76000000007,"6601c26ae4d1f54a569c6d53","2024-03-25 18:49","2024-03-25 18:49",2024,3,25,18,49,1
"09017661000870",E100,"01/12/2023","31/12/2023",53211.12999999993,"53211,13",0.0000000000654836,"0",0.0,0.0,0.0,38033.76000000001,"38033,76",-0.000000000007276,"0",15177.37,0.0,15177.37,"0",-0.00,38033.76000000001,"0","0",-0.000000000005457,-0.000000000005457,"6601c26ae4d1f54a569c6d53","2024-03-25 18:49","2024-03-25 18:49",2024,3,25,18,49,1
"09017661000447",E100,"01/11/2023","30/11/2023",122141.19000000041,"122141,19",-0.0000000004074536,"0",0.0,0.0,0.0,39103.530000000006,"39103,53",-0.000000000007276,"0",83037.66,0.0,83037.66,"0","0.00",39103.53,"0","0",0.0,0.0,"6601c26ae4d1f54a569c6d53","2024-03-25 18:49","2024-03-25 18:49",2024,3,25,18,49,1
"09017661000609",E100,"01/03/2023","31/03/2023",381698.8000000002,"381698,8",-0.0000000002328306,"589,17",192630.75,0.0,193219.92,961814.0600000024,"961814,06",-0.0000000023283064,"366",0.0,0.0,366.0,"66597,11",-453858.45,1415672.5100000002,"0","0",-387261.3400000001,-453858.45000000007,"6601c26ae4d1f54a569c6d53","2024-03-25 18:49","2024-03-25 18:49",2024,3,25,18,49,1
"35068230000177",E100,"01/02/2023","28/02/2023",0.0,"0,00",0.0,"0,00",0.0,0.0,0.0,0.0,"0,00",0.0,"0,00",0.0,0.0,0.0,"0,00","0.00",0.0,"0,00","0,00",0.0,0.0,"6601c26ae4d1f54a569c6d53","2024-03-25 18:49","2024-03-25 18:49",2024,3,25,18,49,1
"09017661000790",E100,"01/01/2023","31/01/2023",45038.53999999998,"45038,54",0.0000000000218279,"0",0.0,0.0,0.0,35867.54999999998,"35867,55",0.0000000000218279,"0",9170.99,0.0,9170.99,"0","0.00",35867.55,"0","0",-0.000000000001819,-0.000000000001819,"6601c26ae4d1f54a569c6d53","2024-03-25 18:49","2024-03-25 18:49",2024,3,25,18,49,1
"09017661000102",E100,"01/09/2023","30/09/2023",29445.09999999999,"29445,1",0.000000000007276,"2213,27",239050.75,0.0,241264.02,40196.51000000001,"40196,51",-0.000000000007276,"1387,95",229124.66,0.0,230512.61000000002,"0",-0.00,40196.51000000003,"0","0",-0.0000000000291038,-0.0000000000291038,"6601c26ae4d1f54a569c6d53","2024-03-25 18:49","2024-03-25 18:49",2024,3,25,18,49,1
"35068230000410",E100,"01/12/2023","31/12/2023",0.0,"0",0.0,"0",0.0,0.0,0.0,0.0,"0",0.0,"0",0.0,0.0,0.0,"0","0.00",0.0,"0","0",0.0,0.0,"6601c26ae4d1f54a569c6d53","2024-03-25 18:49","2024-03-25 18:49",2024,3,25,18,49,1
"09017661000366",E100,"01/02/2023","28/02/2023",63172.819999999956,"63172,82",0.0000000000436557,"0",0.0,0.0,0.0,45835.36999999998,"45835,37",0.0000000000218279,"0",17337.45,0.0,17337.45,"0",-0.00,45835.37000000001,"0","0",-0.000000000003638,-0.000000000003638,"6601c26ae4d1f54a569c6d53","2024-03-25 18:49","2024-03-25 18:49",2024,3,25,18,49,1
"35068230000258",E100,"01/12/2022","31/12/2022",542820.9299999994,"542820,93",0.0000000006984919,"0",0.0,1741.55,1741.55,14009.41999999997,"14009,42",0.0000000000309228,"0",0.0,479052.91,479052.91,"0","51500.15",-37490.73000000008,"0","0",51500.15000000008,51500.15000000008,"6601c26ae4d1f54a569c6d53","2024-03-25 18:49","2024-03-25 18:49",2024,3,25,18,49,1
"09017661000609",E100,"01/06/2023","30/06/2023",352944.10999999987,"352944,11",0.0000000001164153,"0",0.0,0.0,0.0,185547.50000000003,"185547,5",-0.0000000000291038,"0",0.0,0.0,0.0,"284464,8",-117068.19,302615.69,"0","0",167396.61,-117068.19,"6601c26ae4d1f54a569c6d53","2024-03-25 18:49","2024-03-25 18:49",2024,3,25,18,49,1
"35068230000177",E100,"01/04/2023","30/04/2023",0.0,"0",0.0,"0",0.0,0.0,0.0,0.0,"0",0.0,"0",0.0,0.0,0.0,"0","0.00",0.0,"0","0",0.0,0.0,"6601c26ae4d1f54a569c6d53","2024-03-25 18:49","2024-03-25 18:49",2024,3,25,18,49,1
"09017661000102",E100,"01/12/2023","31/12/2023",38529.399999999965,"38529,4",0.0000000000363798,"279,17",305194.59,0.0,305473.76,37474.66999999999,"37474,67",0.000000000007276,"95,16",80578.08,0.0,80673.24,"0","225855.25",-188380.58000000007,"0","0",225855.25000000006,225855.25000000006,"6601c26ae4d1f54a569c6d53","2024-03-25 18:49","2024-03-25 18:49",2024,3,25,18,49,1
"09017661000790",E100,"01/03/2023","31/03/2023",84297.89999999997,"84297,9",0.0000000000291038,"0",0.0,0.0,0.0,71529.48,"71529,48",0.0,"0",12768.42,0.0,12768.42,"0",-0.00,71529.48,"0","0",-0.000000000001819,-0.000000000001819,"6601c26ae4d1f54a569c6d53","2024-03-25 18:49","2024-03-25 18:49",2024,3,25,18,49,1
"09017661000366",E100,"01/04/2023","30/04/2023",45436.730000000025,"45436,73",-0.0000000000218279,"0,00",0.0,0.0,0.0,62878.509999999966,"62878,51",0.0000000000363798,"0,00",0.0,0.0,0.0,"19991,28",-37433.06,100311.57,"0,00","0,00",-17441.78,-37433.06,"6601c26ae4d1f54a569c6d53","2024-03-25 18:49","2024-03-25 18:49",2024,3,25,18,49,1
"09017661000528",E100,"01/07/2023","31/07/2023",133183.6500000003,"133183,65",-0.0000000003201421,"54,09",117112.06,0.0,117166.15,188014.9200000002,"188014,92",-0.000000000174623,"33,60",0.0,0.0,33.6,"62301,28",-0.00,188014.92000000004,"0,00","0,00",62301.27999999998,-0.0000000000218279,"6601c26ae4d1f54a569c6d53","2024-03-25 18:49","2024-03-25 18:49",2024,3,25,18,49,1
"09017661001257",E100,"01/08/2023","31/08/2023",0.0,"0,00",0.0,"0,00",0.0,0.0,0.0,0.0,"0,00",0.0,"0,00",0.0,0.0,0.0,"0,00","0.00",0.0,"0,00","0,00",0.0,0.0,"6601c26ae4d1f54a569c6d53","2024-03-25 18:49","2024-03-25 18:49",2024,3,25,18,49,1
"09017661001095",E100,"01/06/2023","30/06/2023",57476.369999999995,"57476,37",0.000000000007276,"0",0.0,0.0,0.0,30020.120000000014,"30020,12",-0.0000000000145519,"0",0.0,0.0,0.0,"83937,12",-56480.87,86500.98999999999,"0","0",27456.250000000004,-56480.869999999995,"6601c26ae4d1f54a569c6d53","2024-03-25 18:49","2024-03-25 18:49",2024,3,25,18,49,1
"09017661000870",E100,"01/07/2023","31/07/2023",61717.269999999946,"61717,27",0.0000000000509317,"0,00",0.0,0.0,0.0,32560.650000000034,"32560,65",-0.0000000000327418,"0,00",26269.84,0.0,26269.84,"2886,78",-0.00,32560.650000000005,"0,00","0,00",2886.779999999995,-0.0000000000050022,"6601c26ae4d1f54a569c6d53","2024-03-25 18:49","2024-03-25 18:49",2024,3,25,18,49,1
"09017661000790",E100,"01/09/2023","30/09/2023",39092.0,"39092",0.0,"0",0.0,0.0,0.0,27187.19000000001,"27187,19",-0.0000000000109139,"0",10611.08,0.0,10611.08,"1293,73","0.00",27187.19,"0","0",1293.7300000000014,0.0000000000013642,"6601c26ae4d1f54a569c6d53","2024-03-25 18:49","2024-03-25 18:49",2024,3,25,18,49,1
"09017661001176",E100,"01/10/2023","31/10/2023",29267.55999999999,"29267,56",0.0000000000109139,"0",38776.82,0.0,38776.82,26311.379999999972,"26311,38",0.0000000000291038,"0",0.0,0.0,0.0,"41733","41733.00",-15421.619999999999,"0","0",41733.0,0.0,"6601c26ae4d1f54a569c6d53","2024-03-25 18:49","2024-03-25 18:49",2024,3,25,18,49,1
"09017661000102",E100,"01/04/2023","30/04/2023",50982.1,"50982,10",0.0,"29,71",48567.19,0.0,48596.9,80988.19000000006,"80988,19",-0.0000000000582077,"17,48",18573.33,0.0,18590.81,"0,00",-0.00,80988.19,"0,00","0,00",-0.000000000003638,-0.000000000003638,"6601c26ae4d1f54a569c6d53","2024-03-25 18:49","2024-03-25 18:49",2024,3,25,18,49,1
"35068230000258",E100,"01/09/2022","30/09/2022",727081.3299999967,"727081,33",0.000000003259629,"0",2332.72,0.0,2332.72,70079.31999999967,"70079,32",0.0000000003346941,"0",0.0,590352.83,590352.83,"0","68981.90",1097.4199999999837,"0","0",68981.90000000002,68981.90000000002,"6601c26ae4d1f54a569c6d53","2024-03-25 18:49","2024-03-25 18:49",2024,3,25,18,49,1
"35068230000258",E100,"01/10/2023","31/10/2023",600843.9399999994,"600843,94",0.0000000005820766,"0",852.23,1927.71,2779.94,67489.26999999997,"67489,27",0.0000000000291038,"0",0.0,479129.54,479129.54,"0","57005.07",10484.200000000114,"0","0",57005.06999999989,57005.06999999989,"6601c26ae4d1f54a569c6d53","2024-03-25 18:49","2024-03-25 18:49",2024,3,25,18,49,1
"09017661001176",E100,"01/09/2023","30/09/2023",0.0,"0",0.0,"0",44039.97,0.0,44039.97,33818.05999999998,"33818,06",0.0000000000145519,"0",0.0,0.0,0.0,"51953,91",-41732.00,75550.06,"0","0",10221.910000000003,-41732.0,"6601c26ae4d1f54a569c6d53","2024-03-25 18:49","2024-03-25 18:49",2024,3,25,18,49,1
"09017661000609",E100,"01/10/2022","31/10/2022",196125.03000000012,"196115,45",-9.58000000010361,"0",211445.58,0.0,211445.58,473660.6400000006,"473660,64",-0.0000000005820766,"0",0.0,0.0,0.0,"223977,98",-290077.59,763738.23,"0","0",-66099.60999999999,-290077.58999999997,"6601c26ae4d1f54a569c6d53","2024-03-25 18:49","2024-03-25 18:49",2024,3,25,18,49,1
"35068230000258",E100,"01/10/2022","31/10/2022",520617.45000000007,"520617,45",-0.0000000000582077,"0",1670.31,2141.02,3811.33,106099.4600000002,"106099,46",-0.0000000001891749,"0",0.0,368935.73,368935.73,"0","49393.59",56705.86999999998,"0","0",49393.590000000026,49393.590000000026,"6601c26ae4d1f54a569c6d53","2024-03-25 18:49","2024-03-25 18:49",2024,3,25,18,49,1
"35068230000339",E100,"01/03/2023","31/03/2023",0.0,"0,00",0.0,"0,00",0.0,0.0,0.0,110.94,"110,94",0.0,"0,00",0.0,0.0,0.0,"792,26",-903.20,1014.1400000000001,"0,00","0,00",-110.94,-903.2,"6601c26ae4d1f54a569c6d53","2024-03-25 18:49","2024-03-25 18:49",2024,3,25,18,49,1
"35068230000177",E100,"01/08/2023","31/08/2023",0.0,"0,00",0.0,"0,00",0.0,0.0,0.0,0.0,"0,00",0.0,"0,00",0.0,0.0,0.0,"0,00","0.00",0.0,"0,00","0,00",0.0,0.0,"6601c26ae4d1f54a569c6d53","2024-03-25 18:49","2024-03-25 18:49",2024,3,25,18,49,1
"09017661000609",E100,"01/04/2023","30/04/2023",320640.6000000007,"320640,6",-0.0000000006984919,"0",18573.33,0.0,18573.33,297333.48000000056,"297333,48",-0.0000000005820766,"0",0.0,0.0,0.0,"453858,45",-411978.00,709311.48,"0","0",41880.45000000001,-411978.0,"6601c26ae4d1f54a569c6d53","2024-03-25 18:49","2024-03-25 18:49",2024,3,25,18,49,1
"09017661001176",E100,"01/07/2023","31/07/2023",0.0,"0",0.0,"0",0.0,0.0,0.0,0.0,"0",0.0,"0",0.0,0.0,0.0,"0","0.00",0.0,"0","0",0.0,0.0,"6601c26ae4d1f54a569c6d53","2024-03-25 18:49","2024-03-25 18:49",2024,3,25,18,49,1
"09017661000366",E100,"01/06/2023","30/06/2023",49680.629999999976,"49680,63",0.0000000000218279,"0,00",0.0,0.0,0.0,36757.790000000015,"36757,79",-0.0000000000145519,"0,00",0.0,0.0,0.0,"16094,63",-3171.79,39929.58,"0,00","0,00",12922.839999999997,-3171.7900000000027,"6601c26ae4d1f54a569c6d53","2024-03-25 18:49","2024-03-25 18:49",2024,3,25,18,49,1
"09017661000609",E100,"01/12/2023","31/12/2023",329840.49000000034,"329840,49",-0.000000000349246,"305,06",0.0,0.0,305.06,278949.12000000034,"278949,12",-0.000000000349246,"189,5",51006.93,0.0,51196.43,"0",-0.00,278949.12,"0","0",-0.000000000007276,-0.000000000007276,"6601c26ae4d1f54a569c6d53","2024-03-25 18:49","2024-03-25 18:49",2024,3,25,18,49,1
"35068230000177",E100,"01/09/2023","30/09/2023",0.0,"0,00",0.0,"0,00",0.0,0.0,0.0,7.37,"7,37",0.0,"0,00",0.0,0.0,0.0,"0,00",-7.37,14.74,"0,00","0,00",-7.37,-7.37,"6601c26ae4d1f54a569c6d53","2024-03-25 18:49","2024-03-25 18:49",2024,3,25,18,49,1
"09017661000870",E100,"01/10/2023","31/10/2023",25621.870000000003,"25621,87",-0.000000000003638,"0",0.0,0.0,0.0,31990.069999999996,"31990,07",0.000000000003638,"0",0.0,0.0,0.0,"6852,09",-13220.29,45210.36,"0","0",-6368.200000000001,-13220.29,"6601c26ae4d1f54a569c6d53","2024-03-25 18:49","2024-03-25 18:49",2024,3,25,18,49,1
"09017661001095",E100,"01/09/2023","30/09/2023",56214.860000000066,"56214,86",-0.0000000000654836,"0",0.0,0.0,0.0,29350.18000000002,"29350,18",-0.0000000000181899,"0",0.0,0.0,0.0,"23863,87","3000.81",26349.37,"0","0",26864.68,3000.8100000000013,"6601c26ae4d1f54a569c6d53","2024-03-25 18:49","2024-03-25 18:49",2024,3,25,18,49,1
"09017661000447",E100,"01/04/2023","30/04/2023",142850.36,"142850,36",0.0,"0",0.0,0.0,0.0,108949.32000000014,"108949,32",-0.0000000001309672,"0",33901.04,0.0,33901.04,"0",-0.00,108949.32000000004,"0","0",-0.0000000000218279,-0.0000000000218279,"6601c26ae4d1f54a569c6d53","2024-03-25 18:49","2024-03-25 18:49",2024,3,25,18,49,1
"09017661000366",E100,"01/12/2023","31/12/2023",54718.279999999984,"54718,28",0.0000000000145519,"0",0.0,0.0,0.0,31059.52000000002,"31059,52",-0.0000000000181899,"0",23658.76,0.0,23658.76,"0","0.00",31059.52,"0","0",0.0,0.0,"6601c26ae4d1f54a569c6d53","2024-03-25 18:49","2024-03-25 18:49",2024,3,25,18,49,1
"35068230000410",E100,"01/11/2023","30/11/2023",0.0,"0",0.0,"0",0.0,0.0,0.0,0.0,"0",0.0,"0",0.0,0.0,0.0,"0","0.00",0.0,"0","0",0.0,0.0,"6601c26ae4d1f54a569c6d53","2024-03-25 18:49","2024-03-25 18:49",2024,3,25,18,49,1
"09017661000951",E100,"01/04/2023","30/04/2023",64278.61999999996,"64278,62",0.0000000000436557,"0,00",0.0,0.0,0.0,84082.8700000001,"84082,87",-0.0000000001018634,"0,00",0.0,0.0,0.0,"14974,92",-34779.17,118862.03999999998,"0,00","0,00",-19804.249999999993,-34779.16999999999,"6601c26ae4d1f54a569c6d53","2024-03-25 18:49","2024-03-25 18:49",2024,3,25,18,49,1
"35068230000339",E100,"01/12/2023","31/12/2023",0.0,"0",0.0,"0",0.0,0.0,0.0,139.89,"139,89",0.0,"0",0.0,0.0,0.0,"2119,93",-2259.82,2399.7099999999996,"0","0",-139.89,-2259.8199999999997,"6601c26ae4d1f54a569c6d53","2024-03-25 18:49","2024-03-25 18:49",2024,3,25,18,49,1
"09017661000790",E100,"01/04/2023","30/04/2023",44461.61999999999,"44461,62",0.0000000000145519,"0,00",0.0,0.0,0.0,48953.42999999999,"48953,43",0.000000000007276,"0,00",0.0,0.0,0.0,"0,00",-4491.81,53445.24,"0,00","0,00",-4491.809999999998,-4491.809999999998,"6601c26ae4d1f54a569c6d53","2024-03-25 18:49","2024-03-25 18:49",2024,3,25,18,49,1
"35068230000258",E100,"01/12/2023","31/12/2023",565693.5299999985,"565693,53",0.0000000015133992,"0",1814.97,2888.69,4703.66,80033.65999999992,"80033,66",0.0000000000873115,"0",0.0,436692.41,436692.41,"0","53671.12",26362.53999999995,"0","0",53671.12000000005,53671.12000000005,"6601c26ae4d1f54a569c6d53","2024-03-25 18:49","2024-03-25 18:49",2024,3,25,18,49,1
"35068230000177",E100,"01/05/2023","31/05/2023",0.0,"0",0.0,"0",0.0,0.0,0.0,0.0,"0",0.0,"0",0.0,0.0,0.0,"0","0.00",0.0,"0","0",0.0,0.0,"6601c26ae4d1f54a569c6d53","2024-03-25 18:49","2024-03-25 18:49",2024,3,25,18,49,1
"09017661000951",E100,"01/02/2023","28/02/2023",40201.48999999996,"40201,49",0.0000000000363798,"0,00",0.0,0.0,0.0,54312.34999999998,"54312,35",0.0000000000218279,"0,00",0.0,0.0,0.0,"2258,00",-16368.86,70681.20999999999,"0,00","0,00",-14110.86,-16368.86,"6601c26ae4d1f54a569c6d53","2024-03-25 18:49","2024-03-25 18:49",2024,3,25,18,49,1
"09017661000790",E100,"01/07/2023","31/07/2023",66539.91999999998,"66539,92",0.0000000000145519,"0,00",0.0,0.0,0.0,31071.169999999984,"31071,17",0.0000000000145519,"0,00",35468.75,0.0,35468.75,"0,00","0.00",31071.17,"0,00","0,00",0.0,0.0,"6601c26ae4d1f54a569c6d53","2024-03-25 18:49","2024-03-25 18:49",2024,3,25,18,49,1
"09017661000870",E100,"01/11/2023","30/11/2023",26081.98999999999,"26081,99",0.0000000000109139,"0",2148.48,0.0,2148.48,15010.180000000004,"15010,18",-0.000000000003638,"0",0.0,0.0,0.0,"13220,29","0.00",15010.18,"0","0",13220.29,0.0,"6601c26ae4d1f54a569c6d53","2024-03-25 18:49","2024-03-25 18:49",2024,3,25,18,49,1
"09017661000528",E100,"01/04/2023","30/04/2023",133181.05000000022,"133181,05",-0.0000000002328306,"250,16",0.0,0.0,250.16,393624.9899999998,"393624,99",0.000000000174623,"155,4",0.0,0.0,155.4,"0",-260349.18,653974.1699999999,"0","0",-260349.18,-260349.18,"6601c26ae4d1f54a569c6d53","2024-03-25 18:49","2024-03-25 18:49",2024,3,25,18,49,1
"09017661000870",E100,"01/06/2023","30/06/2023",48814.519999999975,"48814,52",0.0000000000218279,"0",0.0,0.0,0.0,35959.75000000003,"35959,75",-0.0000000000291038,"0",0.0,0.0,0.0,"15741,55",-2886.78,38846.53,"0","0",12854.769999999997,-2886.7800000000025,"6601c26ae4d1f54a569c6d53","2024-03-25 18:49","2024-03-25 18:49",2024,3,25,18,49,1
"09017661000102",E100,"01/11/2023","30/11/2023",38103.29999999998,"38103,3",0.0000000000218279,"2202,02",948551.7,0.0,950753.72,17407.58,"17407,58",0.0,"1333,91",2148.48,0.0,3482.3900000000003,"0","967967.05",-950559.4700000001,"0","0",967967.05,967967.05,"6601c26ae4d1f54a569c6d53","2024-03-25 18:49","2024-03-25 18:49",2024,3,25,18,49,1
"09017661000447",E100,"01/01/2023","31/01/2023",106359.20000000001,"106359,2",-0.0000000000145519,"0",0.0,0.0,0.0,91465.04000000005,"91465,04",-0.0000000000582077,"0",14894.16,0.0,14894.16,"0","0.00",91465.04,"0","0",0.000000000003638,0.000000000003638,"6601c26ae4d1f54a569c6d53","2024-03-25 18:49","2024-03-25 18:49",2024,3,25,18,49,1
"09017661000609",E100,"01/10/2023","31/10/2023",351503.22000000003,"351503,22",-0.0000000000582077,"0",0.0,0.0,0.0,172924.69000000018,"172924,69",-0.000000000174623,"0",178578.53,0.0,178578.53,"0",-0.00,172924.69000000003,"0","0",-0.0000000000291038,-0.0000000000291038,"6601c26ae4d1f54a569c6d53","2024-03-25 18:49","2024-03-25 18:49",2024,3,25,18,49,1
"09017661001176",E100,"01/12/2023","31/12/2023",42094.34999999998,"42094,35",0.0000000000218279,"0",0.0,0.0,0.0,9947.58,"9947,58",0.0,"0",32146.77,0.0,32146.77,"0",-0.00,9947.580000000004,"0","0",-0.000000000003638,-0.000000000003638,"6601c26ae4d1f54a569c6d53","2024-03-25 18:49","2024-03-25 18:49",2024,3,25,18,49,1
"09017661000447",E100,"01/12/2023","31/12/2023",196465.6600000009,"196465,66",-0.0000000009022187,"0",0.0,0.0,0.0,103596.24000000002,"103596,24",-0.0000000000145519,"0",92869.42,0.0,92869.42,"0","0.00",103596.24,"0","0",0.0,0.0,"6601c26ae4d1f54a569c6d53","2024-03-25 18:49","2024-03-25 18:49",2024,3,25,18,49,1
"09017661000366",E100,"01/09/2023","30/09/2023",48967.719999999994,"48967,72",0.000000000007276,"0,00",0.0,0.0,0.0,38746.720000000045,"38746,72",-0.0000000000436557,"0,00",0.0,0.0,0.0,"19977,44",-9756.44,48503.16,"0,00","0,00",10221.0,-9756.439999999999,"6601c26ae4d1f54a569c6d53","2024-03-25 18:49","2024-03-25 18:49",2024,3,25,18,49,1
"09017661000447",E100,"01/05/2023","31/05/2023",193462.40000000055,"193462,4",-0.0000000005529728,"0",0.0,0.0,0.0,95031.68000000002,"95031,68",-0.0000000000291038,"0",98430.72,0.0,98430.72,"0","0.00",95031.68,"0","0",0.0,0.0,"6601c26ae4d1f54a569c6d53","2024-03-25 18:49","2024-03-25 18:49",2024,3,25,18,49,1
"09017661000951",E100,"01/09/2023","30/09/2023",55321.069999999985,"55321,07",0.0000000000145519,"0",0.0,0.0,0.0,38933.75000000001,"38933,75",-0.000000000007276,"0",0.0,0.0,0.0,"30643,72",-14256.40,53190.15,"0","0",16387.32,-14256.400000000001,"6601c26ae4d1f54a569c6d53","2024-03-25 18:49","2024-03-25 18:49",2024,3,25,18,49,1
"09017661000609",E100,"01/05/2023","31/05/2023",433985.2900000002,"433985,29",-0.0000000002328306,"0",0.0,0.0,0.0,306472.0900000004,"306472,09",-0.000000000349246,"0",0.0,0.0,0.0,"411978",-284464.80,590936.8900000001,"0","0",127513.19999999995,-284464.80000000005,"6601c26ae4d1f54a569c6d53","2024-03-25 18:49","2024-03-25 18:49",2024,3,25,18,49,1
"09017661000366",E100,"01/08/2023","31/08/2023",40473.479999999996,"40473,48",0.000000000007276,"0,00",0.0,0.0,0.0,60450.91999999999,"60450,92",0.000000000007276,"0,00",0.0,0.0,0.0,"0,00",-19977.44,80428.35999999999,"0,00","0,00",-19977.439999999995,-19977.439999999995,"6601c26ae4d1f54a569c6d53","2024-03-25 18:49","2024-03-25 18:49",2024,3,25,18,49,1
"09017661000870",E100,"01/03/2023","31/03/2023",74408.80999999994,"74408,81",0.0000000000582077,"0",0.0,0.0,0.0,69451.93999999997,"69451,94",0.0000000000291038,"0",4956.87,0.0,4956.87,"0",-0.00,69451.94,"0","0",-0.0000000000045475,-0.0000000000045475,"6601c26ae4d1f54a569c6d53","2024-03-25 18:49","2024-03-25 18:49",2024,3,25,18,49,1
"09017661000609",E100,"01/08/2022","31/08/2022",378268.2999999998,"378268,3",0.000000000174623,"0",38186.43,0.0,38186.43,527570.489999999,"527570,49",0.0000000010477379,"0",0.0,0.0,0.0,"0",-111115.76,638686.25,"0","0",-111115.76000000001,-111115.76000000001,"6601c26ae4d1f54a569c6d53","2024-03-25 18:49","2024-03-25 18:49",2024,3,25,18,49,1
"09017661000609",E100,"01/09/2022","30/09/2022",397735.8500000002,"397735,85",-0.0000000002328306,"0",118694.98,0.0,118694.98,629293.0499999999,"629293,05",0.0000000001164153,"0",0.0,0.0,0.0,"111115,76",-223977.98,853271.0300000001,"0","0",-112862.22000000009,-223977.9800000001,"6601c26ae4d1f54a569c6d53","2024-03-25 18:49","2024-03-25 18:49",2024,3,25,18,49,1
"09017661000447",E100,"01/03/2023","31/03/2023",178159.8399999999,"178159,84",0.0000000000873115,"0",0.0,0.0,0.0,152783.65000000005,"152783,65",-0.0000000000582077,"0",25376.19,0.0,25376.19,"0","0.00",152783.65,"0","0",0.000000000003638,0.000000000003638,"6601c26ae4d1f54a569c6d53","2024-03-25 18:49","2024-03-25 18:49",2024,3,25,18,49,1
"09017661000790",E100,"01/05/2023","31/05/2023",54827.30999999996,"54827,31",0.0000000000363798,"0,00",0.0,0.0,0.0,33034.87,"33034,87",0.0,"0,00",17300.63,0.0,17300.63,"4491,81",-0.00,33034.87000000001,"0,00","0,00",4491.809999999994,-0.0000000000063665,"6601c26ae4d1f54a569c6d53","2024-03-25 18:49","2024-03-25 18:49",2024,3,25,18,49,1
"09017661000609",E100,"01/11/2023","30/11/2023",847697.4099999977,"847697,41",0.0000000023283064,"0",0.0,0.0,0.0,232290.54000000082,"232290,54",-0.0000000008149073,"0",615406.87,0.0,615406.87,"0","0.00",232290.54,"0","0",0.0,0.0,"6601c26ae4d1f54a569c6d53","2024-03-25 18:49","2024-03-25 18:49",2024,3,25,18,49,1
"09017661000447",E100,"01/10/2023","31/10/2023",93414.7699999999,"93414,77",0.0000000001018634,"0,00",0.0,0.0,0.0,60325.59999999996,"60325,60",0.0000000000363798,"0,00",33089.17,0.0,33089.17,"0,00","0.00",60325.59999999999,"0,00","0,00",0.000000000007276,0.000000000007276,"6601c26ae4d1f54a569c6d53","2024-03-25 18:49","2024-03-25 18:49",2024,3,25,18,49,1
"09017661000102",E100,"01/10/2023","31/10/2023",29258.229999999996,"29258,23",0.000000000003638,"4901,92",221381.05,711.39,226994.36000000002,29354.209999999985,"29354,21",0.0000000000145519,"3066,4",223387.16,444.82,226898.38,"0","0.00",29354.20999999997,"0","0",0.0000000000291038,0.0000000000291038,"6601c26ae4d1f54a569c6d53","2024-03-25 18:49","2024-03-25 18:49",2024,3,25,18,49,1
"09017661000790",E100,"01/02/2023","28/02/2023",51103.93999999998,"51103,94",0.0000000000218279,"0",0.0,0.0,0.0,46771.679999999986,"46771,68",0.0000000000145519,"0",4332.26,0.0,4332.26,"0","0.00",46771.68,"0","0",0.000000000001819,0.000000000001819,"6601c26ae4d1f54a569c6d53","2024-03-25 18:49","2024-03-25 18:49",2024,3,25,18,49,1
"09017661000285",E100,"01/06/2023","30/06/2023",110463.99000000002,"110463,99",-0.0000000000145519,"0,00",0.0,0.0,0.0,61187.290000000045,"61187,29",-0.0000000000436557,"0,00",49276.7,0.0,49276.7,"0,00","0.00",61187.28999999999,"0,00","0,00",0.000000000007276,0.000000000007276,"6601c26ae4d1f54a569c6d53","2024-03-25 18:49","2024-03-25 18:49",2024,3,25,18,49,1
"09017661000528",E100,"01/03/2023","31/03/2023",519805.25999999995,"519805,26",0.0000000000582077,"0",0.0,0.0,0.0,364677.56000000087,"364677,56",-0.0000000008731149,"0",147325.27,0.0,147325.27,"7802,43","0.00",364677.56,"0","0",7802.430000000022,0.0000000000218279,"6601c26ae4d1f54a569c6d53","2024-03-25 18:49","2024-03-25 18:49",2024,3,25,18,49,1
"35068230000177",E100,"01/11/2023","30/11/2023",0.0,"0",0.0,"0",0.0,0.0,0.0,0.0,"0",0.0,"0",0.0,0.0,0.0,"7,37",-7.37,7.37,"0","0",0.0,-7.37,"6601c26ae4d1f54a569c6d53","2024-03-25 18:49","2024-03-25 18:49",2024,3,25,18,49,1
"09017661000102",E100,"01/01/2023","31/01/2023",56275.44,"56275,44",0.0,"0",105012.48,0.0,105012.48,29880.440000000017,"29880,44",-0.0000000000181899,"0",85078.73,0.0,85078.73,"0","0.00",29880.44,"0","0",46328.749999999985,46328.749999999985,"6601c26ae4d1f54a569c6d53","2024-03-25 18:49","2024-03-25 18:49",2024,3,25,18,49,1
"09017661000951",E100,"01/03/2023","31/03/2023",107831.58999999991,"107831,59",0.0000000000873115,"0,00",0.0,0.0,0.0,106437.65000000004,"106437,65",-0.0000000000436557,"0,00",0.0,0.0,0.0,"16368,86",-14974.92,121412.56999999999,"0,00","0,00",1393.9400000000023,-14974.919999999998,"6601c26ae4d1f54a569c6d53","2024-03-25 18:49","2024-03-25 18:49",2024,3,25,18,49,1
"09017661000609",E100,"01/02/2023","28/02/2023",230835.96000000034,"230835,96",-0.000000000349246,"0",132517.89,0.0,132517.89,429950.9600000037,"429950,96",-0.0000000036670826,"0",0.0,0.0,0.0,"0",-66597.11,496548.07000000007,"0","0",-66597.11000000004,-66597.11000000004,"6601c26ae4d1f54a569c6d53","2024-03-25 18:49","2024-03-25 18:49",2024,3,25,18,49,1
"09017661001095",E100,"01/04/2023","30/04/2023",50943.06999999996,"50943,07",0.0000000000363798,"0",0.0,0.0,0.0,69898.83999999998,"69898,84",0.0000000000145519,"0",0.0,0.0,0.0,"80779,85",-99735.62,169634.46,"0","0",-18955.769999999997,-99735.62,"6601c26ae4d1f54a569c6d53","2024-03-25 18:49","2024-03-25 18:49",2024,3,25,18,49,1
"09017661000951",E100,"01/06/2023","30/06/2023",65129.16,"65129,16",0.0,"0,00",0.0,0.0,0.0,50143.53000000001,"50143,53",-0.0000000000145519,"0,00",0.0,0.0,0.0,"16217,26",-1231.63,51375.159999999996,"0,00","0,00",14985.630000000005,-1231.6299999999956,"6601c26ae4d1f54a569c6d53","2024-03-25 18:49","2024-03-25 18:49",2024,3,25,18,49,1
"09017661000951",E100,"01/11/2023","30/11/2023",61357.73000000002,"61357,73",-0.0000000000145519,"0",0.0,0.0,0.0,19766.560000000005,"19766,56",-0.000000000003638,"0",0.0,0.0,0.0,"11018,12","30573.05",-10806.489999999994,"0","0",41591.17,30573.049999999996,"6601c26ae4d1f54a569c6d53","2024-03-25 18:49","2024-03-25 18:49",2024,3,25,18,49,1
"35068230000339",E100,"01/07/2023","31/07/2023",0.0,"0",0.0,"0",0.0,0.0,0.0,28.009999999999998,"28,01",0.0000000000000036,"0",0.0,0.0,0.0,"1347,4",-1375.41,1403.42,"0","0",-28.01,-1375.41,"6601c26ae4d1f54a569c6d53","2024-03-25 18:49","2024-03-25 18:49",2024,3,25,18,49,1
"35068230000339",E100,"01/08/2023","31/08/2023",0.0,"0,00",0.0,"0,00",0.0,0.0,0.0,219.66,"219,66",0.0,"0,00",0.0,0.0,0.0,"1375,41",-1595.07,1814.7300000000002,"0,00","0,00",-219.66,-1595.0700000000002,"6601c26ae4d1f54a569c6d53","2024-03-25 18:49","2024-03-25 18:49",2024,3,25,18,49,1
"35068230000258",E100,"01/07/2023","31/07/2023",596330.0699999972,"596330,07",0.0000000027939677,"0",1790.07,1913.25,3703.3199999999997,111773.5999999996,"111773,6",0.0000000004074536,"0",0.0,431682.22,431682.22,"0","56577.57",55196.03000000006,"0","0",56577.56999999995,56577.56999999995,"6601c26ae4d1f54a569c6d53","2024-03-25 18:49","2024-03-25 18:49",2024,3,25,18,49,1
"09017661001095",E100,"01/07/2023","31/07/2023",64716.70000000007,"64716,7",-0.0000000000727596,"0",0.0,0.0,0.0,26390.910000000018,"26390,91",-0.0000000000181899,"0",0.0,0.0,0.0,"56480,87",-18155.08,44545.990000000005,"0","0",38325.78999999999,-18155.08000000001,"6601c26ae4d1f54a569c6d53","2024-03-25 18:49","2024-03-25 18:49",2024,3,25,18,49,1
"09017661000870",E100,"01/01/2023","31/01/2023",53390.48999999996,"53390,49",0.0000000000363798,"0,00",0.0,0.0,0.0,39874.34000000001,"39874,34",-0.0000000000145519,"0,00",13516.15,0.0,13516.15,"0,00","0.00",39874.34,"0,00","0,00",0.000000000001819,0.000000000001819,"6601c26ae4d1f54a569c6d53","2024-03-25 18:49","2024-03-25 18:49",2024,3,25,18,49,1
"09017661000447",E100,"01/06/2023","30/06/2023",142118.45000000007,"142118,45",-0.0000000000582077,"0",0.0,0.0,0.0,77886.54000000007,"77886,54",-0.0000000000727596,"0",64231.91,0.0,64231.91,"0","0.00",77886.53999999998,"0","0",0.0000000000145519,0.0000000000145519,"6601c26ae4d1f54a569c6d53","2024-03-25 18:49","2024-03-25 18:49",2024,3,25,18,49,1
"09017661000609",E100,"01/01/2023","31/01/2023",407988.4400000001,"407988,44",-0.0000000001164153,"0",85078.73,275.94,85354.67,493343.11000000004,"493343,11",-0.0000000000582077,"0",0.0,0.0,0.0,"0","0.00",493343.11,"0","0",0.0,0.0,"6601c26ae4d1f54a569c6d53","2024-03-25 18:49","2024-03-25 18:49",2024,3,25,18,49,1
"09017661000285",E100,"01/03/2023","31/03/2023",199294.7199999998,"199294,72",0.0000000002037268,"0",0.0,0.0,0.0,171205.1300000002,"171205,13",-0.0000000002037268,"0",28089.59,0.0,28089.59,"0",-0.00,171205.13,"0","0",-0.000000000003638,-0.000000000003638,"6601c26ae4d1f54a569c6d53","2024-03-25 18:49","2024-03-25 18:49",2024,3,25,18,49,1
"09017661000609",E100,"01/12/2022","31/12/2022",254285.55000000048,"254285,55",-0.0000000004947651,"0",0.0,0.0,0.0,178365.54999999993,"178365,55",0.0000000000582077,"0",75920.0,0.0,75920.0,"0","0.00",178365.55,"0","0",0.0,0.0,"6601c26ae4d1f54a569c6d53","2024-03-25 18:49","2024-03-25 18:49",2024,3,25,18,49,1
"09017661001095",E100,"01/02/2023","28/02/2023",49941.95999999997,"49941,96",0.0000000000291038,"0",0.0,0.0,0.0,43770.67999999998,"43770,68",0.0000000000218279,"0",0.0,0.0,0.0,"79391,8",-73220.52,116991.20000000001,"0","0",6171.279999999999,-73220.52,"6601c26ae4d1f54a569c6d53","2024-03-25 18:49","2024-03-25 18:49",2024,3,25,18,49,1
"09017661001095",E100,"01/05/2023","31/05/2023",65269.08999999996,"65269,09",0.0000000000363798,"0",0.0,0.0,0.0,49470.590000000026,"49470,59",-0.0000000000291038,"0",0.0,0.0,0.0,"99735,62",-83937.12,133407.71,"0","0",15798.5,-83937.12,"6601c26ae4d1f54a569c6d53","2024-03-25 18:49","2024-03-25 18:49",2024,3,25,18,49,1
"09017661000609",E100,"01/07/2023","31/07/2023",555070.2199999993,"555070,22",0.0000000006984919,"0",0.0,0.0,0.0,306998.3800000005,"306998,38",-0.0000000005238689,"0",131003.65,0.0,131003.65,"117068,19",-0.00,306998.38,"0","0",117068.18999999997,-0.0000000000291038,"6601c26ae4d1f54a569c6d53","2024-03-25 18:49","2024-03-25 18:49",2024,3,25,18,49,1
"09017661001176",E100,"01/06/2023","30/06/2023",0.0,"0,00",0.0,"0,00",0.0,0.0,0.0,0.0,"0,00",0.0,"0,00",0.0,0.0,0.0,"0,00","0.00",0.0,"0,00","0,00",0.0,0.0,"6601c26ae4d1f54a569c6d53","2024-03-25 18:49","2024-03-25 18:49",2024,3,25,18,49,1
"35068230000339",E100,"01/10/2023","31/10/2023",0.0,"0",0.0,"0",0.0,0.0,0.0,151.04999999999998,"151,05",0.0000000000000284,"0",0.0,0.0,0.0,"1819,66",-1970.71,2121.76,"0","0",-151.05,-1970.71,"6601c26ae4d1f54a569c6d53","2024-03-25 18:49","2024-03-25 18:49",2024,3,25,18,49,1
"09017661000528",E100,"01/05/2023","31/05/2023",210627.80000000063,"210627,80",-0.0000000006402843,"72,44",178096.24,0.0,178168.68,284784.56000000006,"284784,56",-0.0000000000582077,"45,00",0.0,0.0,45.0,"260349,18",-156382.26,441166.82,"0,00","0,00",103966.91999999998,-156382.26,"6601c26ae4d1f54a569c6d53","2024-03-25 18:49","2024-03-25 18:49",2024,3,25,18,49,1
"35068230000339",E100,"01/06/2023","30/06/2023",0.0,"0,00",0.0,"0,00",0.0,0.0,0.0,129.5,"129,50",0.0,"0,00",0.0,0.0,0.0,"1217,90",-1347.40,1476.9,"0,00","0,00",-129.5,-1347.4,"6601c26ae4d1f54a569c6d53","2024-03-25 18:49","2024-03-25 18:49",2024,3,25,18,49,1
"09017661000790",E100,"01/06/2023","30/06/2023",56442.21999999996,"56442,22",0.0000000000436557,"0",0.0,0.0,0.0,39199.530000000035,"39199,53",-0.0000000000363798,"0",17242.69,0.0,17242.69,"0","0.00",39199.53,"0","0",0.000000000003638,0.000000000003638,"6601c26ae4d1f54a569c6d53","2024-03-25 18:49","2024-03-25 18:49",2024,3,25,18,49,1
"09017661000102",E100,"01/03/2023","31/03/2023",94766.47999999988,"94766,48",0.0000000001164153,"0",218516.34,0.0,218516.34,120652.0700000001,"120652,07",-0.0000000000873115,"0",192630.75,0.0,192630.75,"0","0.00",120652.07,"0","0",0.0,0.0,"6601c26ae4d1f54a569c6d53","2024-03-25 18:49","2024-03-25 18:49",2024,3,25,18,49,1
"09017661000285",E100,"01/11/2023","30/11/2023",104972.62999999995,"104972,63",0.0000000000582077,"0",0.0,0.0,0.0,28391.909999999993,"28391,91",0.000000000007276,"0",76580.72,0.0,76580.72,"0","0.00",28391.91,"0","0",0.0,0.0,"6601c26ae4d1f54a569c6d53","2024-03-25 18:49","2024-03-25 18:49",2024,3,25,18,49,1
"09017661000951",E100,"01/12/2023","31/12/2023",62066.53999999989,"62066,54",0.0000000001091394,"0",0.0,0.0,0.0,49975.55999999998,"49975,56",0.0000000000145519,"0",0.0,0.0,0.0,"0","12090.98",37884.579999999994,"0","0",12090.980000000003,12090.980000000003,"6601c26ae4d1f54a569c6d53","2024-03-25 18:49","2024-03-25 18:49",2024,3,25,18,49,1
"09017661001095",E100,"01/10/2023","31/10/2023",37080.90999999998,"37080,91",0.0000000000218279,"0",0.0,0.0,0.0,31029.390000000007,"31029,39",-0.000000000007276,"0",0.0,0.0,0.0,"0","6051.52",24977.869999999995,"0","0",6051.520000000004,6051.520000000004,"6601c26ae4d1f54a569c6d53","2024-03-25 18:49","2024-03-25 18:49",2024,3,25,18,49,1
"35068230000177",E100,"01/03/2023","31/03/2023",0.0,"0",0.0,"0",0.0,0.0,0.0,0.0,"0",0.0,"0",0.0,0.0,0.0,"0","0.00",0.0,"0","0",0.0,0.0,"6601c26ae4d1f54a569c6d53","2024-03-25 18:49","2024-03-25 18:49",2024,3,25,18,49,1
"09017661000609",E100,"01/09/2023","30/09/2023",393616.77000000124,"393616,77",-0.0000000012223609,"202,83",212.49,0.0,415.32000000000005,245827.26999999955,"245827,27",0.0000000004365575,"126",148078.82,0.0,148204.82,"0","0.00",245827.26999999996,"0","0",0.0000000000291038,0.0000000000291038,"6601c26ae4d1f54a569c6d53","2024-03-25 18:49","2024-03-25 18:49",2024,3,25,18,49,1
"35068230000258",E100,"01/03/2023","31/03/2023",1693473.8100000015,"1427269,69",-266204.1200000015,"0",0.0,3981.22,3981.22,286717.60999999987,"286717,91",0.3000000001047738,"0",3018.91,899134.46,902153.37,"0","242379.63",44338.27999999997,"0","0",242379.63,242379.63,"6601c26ae4d1f54a569c6d53","2024-03-25 18:49","2024-03-25 18:49",2024,3,25,18,49,1
"09017661000366",E100,"01/11/2023","30/11/2023",40770.45999999996,"40770,46",0.0000000000363798,"0",0.0,0.0,0.0,18893.480000000003,"18893,48",-0.000000000003638,"0",1580.5,0.0,1580.5,"20296,48","0.00",18893.48,"0","0",20296.48,0.0,"6601c26ae4d1f54a569c6d53","2024-03-25 18:49","2024-03-25 18:49",2024,3,25,18,49,1
"35068230000258",E100,"01/08/2023","31/08/2023",1188304.7700000047,"1185943,28",-2361.4900000046473,"0",2562.98,3799.6,6362.58,216121.95999999897,"216121,95",-0.00999999896157533,"0",0.0,862767.6,862767.6,"0","113416.31",102705.63999999984,"0","0",113416.31000000017,113416.31000000017,"6601c26ae4d1f54a569c6d53","2024-03-25 18:49","2024-03-25 18:49",2024,3,25,18,49,1
"09017661000102",E100,"01/05/2023","31/05/2023",67507.00999999998,"67507,01",0.0000000000145519,"0",176715.46,0.0,176715.46,66126.23000000001,"66126,23",-0.0000000000145519,"0",178096.24,0.0,178096.24,"0","0.00",66126.23,"0","0",0.0,0.0,"6601c26ae4d1f54a569c6d53","2024-03-25 18:49","2024-03-25 18:49",2024,3,25,18,49,1
"35068230000339",E100,"01/05/2023","31/05/2023",0.0,"0,00",0.0,"0,00",0.0,0.0,0.0,139.75000000000003,"139,75",-0.0000000000000284,"0,00",0.0,0.0,0.0,"1078,15",-1217.90,1357.65,"0,00","0,00",-139.75,-1217.9,"6601c26ae4d1f54a569c6d53","2024-03-25 18:49","2024-03-25 18:49",2024,3,25,18,49,1
"09017661001176",E100,"01/11/2023","30/11/2023",54256.259999999995,"54256,26",0.000000000007276,"0",0.0,0.0,0.0,19154.35999999998,"19154,36",0.0000000000218279,"0",35101.9,0.0,35101.9,"0","0.00",19154.36,"0","0",0.0,0.0,"6601c26ae4d1f54a569c6d53","2024-03-25 18:49","2024-03-25 18:49",2024,3,25,18,49,1
"09017661000870",E100,"01/08/2023","31/08/2023",55997.89999999998,"55997,90",0.0000000000218279,"0,00",0.0,0.0,0.0,57019.44999999997,"57019,45",0.0000000000291038,"0,00",0.0,0.0,0.0,"0,00",-1021.55,58040.99999999999,"0,00","0,00",-1021.5499999999956,-1021.5499999999956,"6601c26ae4d1f54a569c6d53","2024-03-25 18:49","2024-03-25 18:49",2024,3,25,18,49,1
"09017661000285",E100,"01/12/2023","31/12/2023",131359.0900000007,"131359,09",-0.0000000006984919,"0",0.0,0.0,0.0,77420.79,"77420,79",0.0,"0",53938.3,0.0,53938.3,"0","0.00",77420.79,"0","0",0.0,0.0,"6601c26ae4d1f54a569c6d53","2024-03-25 18:49","2024-03-25 18:49",2024,3,25,18,49,1
"35068230000339",E100,"01/11/2023","30/11/2023",0.0,"0",0.0,"0",0.0,0.0,0.0,149.22,"149,22",0.0,"0",0.0,0.0,0.0,"1970,71",-2119.93,2269.1499999999996,"0","0",-149.22,-2119.93,"6601c26ae4d1f54a569c6d53","2024-03-25 18:49","2024-03-25 18:49",2024,3,25,18,49,1
"09017661001257",E100,"01/12/2023","31/12/2023",62824.07999999984,"62824,08",0.0000000001600711,"0",0.0,0.0,0.0,41948.070000000014,"41948,07",-0.0000000000145519,"0",20876.01,0.0,20876.01,"0","0.00",41948.06999999999,"0","0",0.000000000003638,0.000000000003638,"6601c26ae4d1f54a569c6d53","2024-03-25 18:49","2024-03-25 18:49",2024,3,25,18,49,1
"09017661000528",E100,"01/11/2023","30/11/2023",158552.7000000001,"158552,7",-0.0000000000873115,"0",0.0,0.0,0.0,80653.77000000008,"80653,77",-0.0000000000727596,"0",77898.93,0.0,77898.93,"0","0.00",80653.76999999999,"0","0",0.0000000000145519,0.0000000000145519,"6601c26ae4d1f54a569c6d53","2024-03-25 18:49","2024-03-25 18:49",2024,3,25,18,49,1
"09017661001257",E100,"01/09/2023","30/09/2023",0.0,"0",0.0,"0",0.0,0.0,0.0,13342.500000000002,"13342,5",-0.000000000001819,"0",0.0,0.0,0.0,"0",-13342.50,26685.0,"0","0",-13342.5,-13342.5,"6601c26ae4d1f54a569c6d53","2024-03-25 18:49","2024-03-25 18:49",2024,3,25,18,49,1
"35068230000339",E100,"01/02/2023","28/02/2023",0.0,"0",0.0,"0",0.0,0.0,0.0,111.66000000000001,"111,66",-0.0000000000000142,"0",0.0,0.0,0.0,"680,6",-792.26,903.92,"0","0",-111.66,-792.26,"6601c26ae4d1f54a569c6d53","2024-03-25 18:49","2024-03-25 18:49",2024,3,25,18,49,1
"09017661000528",E100,"01/08/2023","31/08/2023",159371.38,"159371,38",0.0,"135,22",92786.98,0.0,92922.2,397001.0699999998,"397001,07",0.0000000002328306,"84,00",0.0,0.0,84.0,"0,00",-144791.49,541792.56,"0,00","0,00",-144791.49,-144791.49,"6601c26ae4d1f54a569c6d53","2024-03-25 18:49","2024-03-25 18:49",2024,3,25,18,49,1
"35068230000177",E100,"01/10/2023","31/10/2023",0.0,"0,00",0.0,"0,00",0.0,0.0,0.0,0.0,"0,00",0.0,"0,00",0.0,0.0,0.0,"7,37",-7.37,7.37,"0,00","0,00",0.0,-7.37,"6601c26ae4d1f54a569c6d53","2024-03-25 18:49","2024-03-25 18:49",2024,3,25,18,49,1
"09017661000790",E100,"01/12/2023","31/12/2023",48811.38999999992,"48811,39",0.0000000000800355,"0",0.0,0.0,0.0,33290.36000000001,"33290,36",-0.000000000007276,"0",15521.03,0.0,15521.03,"0",-0.00,33290.36,"0","0",-0.000000000001819,-0.000000000001819,"6601c26ae4d1f54a569c6d53","2024-03-25 18:49","2024-03-25 18:49",2024,3,25,18,49,1
"09017661000366",E100,"01/03/2023","31/03/2023",83246.69999999992,"83246,7",0.0000000000727596,"0",0.0,0.0,0.0,103237.9800000001,"103237,98",-0.0000000001018634,"0",0.0,0.0,0.0,"0",-19991.28,123229.26,"0","0",-19991.28,-19991.28,"6601c26ae4d1f54a569c6d53","2024-03-25 18:49","2024-03-25 18:49",2024,3,25,18,49,1
"09017661000790",E100,"01/08/2023","31/08/2023",48711.83999999995,"48711,84",0.0000000000436557,"0",0.0,0.0,0.0,50005.570000000014,"50005,57",-0.0000000000145519,"0",0.0,0.0,0.0,"0",-1293.73,51299.3,"0","0",-1293.7300000000032,-1293.7300000000032,"6601c26ae4d1f54a569c6d53","2024-03-25 18:49","2024-03-25 18:49",2024,3,25,18,49,1
"35068230000258",E100,"01/06/2023","30/06/2023",535255.549999998,"535255,55",0.0000000020954758,"0",0.0,1739.24,1739.24,155468.3600000001,"155468,36",-0.0000000001164153,"0",0.0,330094.54,330094.54,"0","51431.89",104036.46999999991,"0","0",51431.89000000007,51431.89000000007,"6601c26ae4d1f54a569c6d53","2024-03-25 18:49","2024-03-25 18:49",2024,3,25,18,49,1
"35068230000258",E100,"01/01/2023","31/01/2023",457408.5599999989,"457408,56",0.0000000011059456,"0,00",0.0,4538.7,4538.7,55545.50999999995,"55545,51",0.0000000000509317,"0,00",64335.64,363002.61,427338.25,"0,00",-20936.50,76482.01000000001,"0,00","0,00",-20936.5,-20936.5,"6601c26ae4d1f54a569c6d53","2024-03-25 18:49","2024-03-25 18:49",2024,3,25,18,49,1
"35068230000258",E100,"01/11/2023","30/11/2023",206066.80999999985,"206066,81",0.0000000001455192,"0",661.2,7536.0,8197.2,52485.11999999986,"52485,12",0.0000000001455192,"0",0.0,142226.4,142226.4,"0","19552.49",32932.62999999998,"0","0",19552.49000000002,19552.49000000002,"6601c26ae4d1f54a569c6d53","2024-03-25 18:49","2024-03-25 18:49",2024,3,25,18,49,1
"09017661000870",E100,"01/04/2023","30/04/2023",46985.24999999999,"46985,25",0.000000000007276,"0,00",0.0,0.0,0.0,58266.36000000001,"58266,36",-0.000000000007276,"0,00",0.0,0.0,0.0,"0,00",-11281.11,69547.47,"0,00","0,00",-11281.11,-11281.11,"6601c26ae4d1f54a569c6d53","2024-03-25 18:49","2024-03-25 18:49",2024,3,25,18,49,1
"09017661000528",E100,"01/10/2023","31/10/2023",111084.23000000004,"111084,23",-0.0000000000436557,"0,00",127308.5,0.0,127308.5,238392.72999999995,"238392,73",0.0000000000582077,"0,00",0.0,0.0,0.0,"0,00",-0.00,238392.73000000004,"0,00","0,00",-0.0000000000291038,-0.0000000000291038,"6601c26ae4d1f54a569c6d53","2024-03-25 18:49","2024-03-25 18:49",2024,3,25,18,49,1
"09017661000790",E100,"01/10/2023","31/10/2023",26963.440000000002,"26963,44",-0.000000000003638,"0",417.69,0.0,417.69,29114.52,"29114,52",0.0,"0",0.0,0.0,0.0,"0",-1733.39,30847.910000000003,"0","0",-1733.390000000003,-1733.390000000003,"6601c26ae4d1f54a569c6d53","2024-03-25 18:49","2024-03-25 18:49",2024,3,25,18,49,1
"09017661000609",E100,"01/08/2023","31/08/2023",508491.60000000097,"508491,6",-0.0000000009895302,"0",0.0,0.0,0.0,435316.70000000123,"435316,7",-0.0000000012223609,"0",73174.9,0.0,73174.9,"0",-0.00,435316.70000000007,"0","0",-0.0000000000291038,-0.0000000000291038,"6601c26ae4d1f54a569c6d53","2024-03-25 18:49","2024-03-25 18:49",2024,3,25,18,49,1
"09017661000366",E100,"01/05/2023","31/05/2023",65263.97999999993,"65263,98",0.0000000000727596,"0,00",0.0,0.0,0.0,43925.55000000003,"43925,55",-0.0000000000291038,"0,00",0.0,0.0,0.0,"37433,06",-16094.63,60020.18,"0,00","0,00",21338.43,-16094.629999999997,"6601c26ae4d1f54a569c6d53","2024-03-25 18:49","2024-03-25 18:49",2024,3,25,18,49,1
"09017661000447",E100,"01/08/2023","31/08/2023",125621.61000000041,"125621,61",-0.0000000004074536,"0",0.0,0.0,0.0,106401.87000000011,"106401,87",-0.0000000001164153,"0",19219.74,0.0,19219.74,"0","0.00",106401.87,"0","0",0.000000000003638,0.000000000003638,"6601c26ae4d1f54a569c6d53","2024-03-25 18:49","2024-03-25 18:49",2024,3,25,18,49,1
"09017661000951",E100,"01/05/2023","31/05/2023",77196.26999999996,"77196,27",0.0000000000436557,"0",0.0,0.0,0.0,58634.359999999986,"58634,36",0.0000000000145519,"0",0.0,0.0,0.0,"34779,17",-16217.26,74851.62,"0","0",18561.910000000003,-16217.259999999995,"6601c26ae4d1f54a569c6d53","2024-03-25 18:49","2024-03-25 18:49",2024,3,25,18,49,1
"09017661000285",E100,"01/07/2023","31/07/2023",141081.11000000016,"141081,11",-0.000000000174623,"0",0.0,0.0,0.0,69739.63,"69739,63",0.0,"0",71341.48,0.0,71341.48,"0",-0.00,69739.63000000002,"0","0",-0.0000000000145519,-0.0000000000145519,"6601c26ae4d1f54a569c6d53","2024-03-25 18:49","2024-03-25 18:49",2024,3,25,18,49,1
"09017661000285",E100,"01/01/2023","31/01/2023",81890.77999999997,"81890,78",0.0000000000291038,"0,00",0.0,0.0,0.0,73751.73000000001,"73751,73",-0.0000000000145519,"0,00",8139.05,0.0,8139.05,"0,00","0.00",73751.73,"0,00","0,00",0.0000000000027285,0.0000000000027285,"6601c26ae4d1f54a569c6d53","2024-03-25 18:49","2024-03-25 18:49",2024,3,25,18,49,1
"09017661000102",E100,"01/07/2023","31/07/2023",75429.88999999988,"75429,89",0.0000000001164153,"239,67",354627.2,0.0,354866.87,71423.74999999997,"71423,75",0.0000000000291038,"52,48",117112.06,0.0,117164.54,"0","241708.47",-170284.72000000003,"0","0",241708.47000000003,241708.47000000003,"6601c26ae4d1f54a569c6d53","2024-03-25 18:49","2024-03-25 18:49",2024,3,25,18,49,1
"09017661000609",E100,"01/07/2022","31/07/2022",385853.5699999991,"385853,57",0.0000000009313226,"0",45553.79,0.0,45553.79,431407.3599999995,"431407,36",0.0000000004656613,"0",0.0,0.0,0.0,"0","0.00",431407.36,"0","0",0.0,0.0,"6601c26ae4d1f54a569c6d53","2024-03-25 18:49","2024-03-25 18:49",2024,3,25,18,49,1
"09017661000366",E100,"01/07/2023","31/07/2023",64004.919999999955,"64004,92",0.0000000000436557,"0,00",0.0,0.0,0.0,33945.08000000003,"33945,08",-0.0000000000291038,"0,00",26888.05,0.0,26888.05,"3171,79",-0.00,33945.08,"0,00","0,00",3171.7899999999972,-0.0000000000027285,"6601c26ae4d1f54a569c6d53","2024-03-25 18:49","2024-03-25 18:49",2024,3,25,18,49,1
"09017661000102",E100,"01/08/2023","31/08/2023",62141.4599999999,"62141,46",0.0000000001018634,"0",115077.61,0.0,115077.61,84432.09000000004,"84432,09",-0.0000000000436557,"0",92786.98,0.0,92786.98,"0","0.00",84432.08999999998,"0","0",0.0000000000145519,0.0000000000145519,"6601c26ae4d1f54a569c6d53","2024-03-25 18:49","2024-03-25 18:49",2024,3,25,18,49,1
"09017661000870",E100,"01/02/2023","28/02/2023",61705.60999999989,"61705,61",0.0000000001091394,"0",0.0,0.0,0.0,42894.47999999999,"42894,48",0.0000000000145519,"0",18811.13,0.0,18811.13,"0",-0.00,42894.48000000001,"0","0",-0.000000000003638,-0.000000000003638,"6601c26ae4d1f54a569c6d53","2024-03-25 18:49","2024-03-25 18:49",2024,3,25,18,49,1
"09017661001095",E100,"01/11/2023","30/11/2023",50019.46000000004,"50019,46",-0.0000000000436557,"0",0.0,0.0,0.0,15300.360000000004,"15300,36",-0.000000000003638,"0",0.0,0.0,0.0,"0","34719.10",-19418.739999999998,"0","0",34719.1,34719.1,"6601c26ae4d1f54a569c6d53","2024-03-25 18:49","2024-03-25 18:49",2024,3,25,18,49,1
"35068230000177",E100,"01/01/2023","31/01/2023",0.0,"0,00",0.0,"0,00",0.0,0.0,0.0,0.0,"0,00",0.0,"0,00",0.0,0.0,0.0,"0,00","0.00",0.0,"0,00","0,00",0.0,0.0,"6601c26ae4d1f54a569c6d53","2024-03-25 18:49","2024-03-25 18:49",2024,3,25,18,49,1
"35068230000177",E100,"01/06/2023","30/06/2023",0.0,"0",0.0,"0",0.0,0.0,0.0,0.0,"0",0.0,"0",0.0,0.0,0.0,"0","0.00",0.0,"0","0",0.0,0.0,"6601c26ae4d1f54a569c6d53","2024-03-25 18:49","2024-03-25 18:49",2024,3,25,18,49,1
"09017661000447",E100,"01/02/2023","28/02/2023",134020.99999999997,"134021",0.0000000000291038,"0",0.0,0.0,0.0,92962.13999999996,"92962,14",0.0000000000436557,"0",41058.86,0.0,41058.86,"0","0.00",92962.14,"0","0",0.0,0.0,"6601c26ae4d1f54a569c6d53","2024-03-25 18:49","2024-03-25 18:49",2024,3,25,18,49,1
"35068230000177",E100,"01/07/2023","31/07/2023",0.0,"0,00",0.0,"0,00",0.0,0.0,0.0,0.0,"0,00",0.0,"0,00",0.0,0.0,0.0,"0,00","0.00",0.0,"0,00","0,00",0.0,0.0,"6601c26ae4d1f54a569c6d53","2024-03-25 18:49","2024-03-25 18:49",2024,3,25,18,49,1
"09017661000870",E100,"01/09/2023","30/09/2023",27081.769999999997,"27081,77",0.000000000003638,"0,00",0.0,0.0,0.0,32912.310000000034,"32912,31",-0.0000000000363798,"0,00",0.0,0.0,0.0,"1021,55",-6852.09,39764.399999999994,"0,00","0,00",-5830.539999999997,-6852.089999999997,"6601c26ae4d1f54a569c6d53","2024-03-25 18:49","2024-03-25 18:49",2024,3,25,18,49,1
"09017661000528",E100,"01/01/2023","31/01/2023",294904.6100000001,"294904,61",-0.0000000001164153,"0",0.0,0.0,0.0,270025.7400000001,"270025,74",-0.0000000001164153,"0",24878.87,0.0,24878.87,"0","0.00",270025.74,"0","0",-0.000000000003638,-0.000000000003638,"6601c26ae4d1f54a569c6d53","2024-03-25 18:49","2024-03-25 18:49",2024,3,25,18,49,1
"09017661000285",E100,"01/05/2023","31/05/2023",139444.64,"139444,64",0.0,"0,00",0.0,0.0,0.0,78460.53000000003,"78460,53",-0.0000000000291038,"0,00",60984.11,0.0,60984.11,"0,00","0.00",78460.52999999998,"0,00","0,00",0.0000000000145519,0.0000000000145519,"6601c26ae4d1f54a569c6d53","2024-03-25 18:49","2024-03-25 18:49",2024,3,25,18,49,1
"09017661000951",E100,"01/10/2023","31/10/2023",42683.169999999984,"42683,17",0.0000000000145519,"0",0.0,0.0,0.0,39444.89,"39444,89",0.0,"0",0.0,0.0,0.0,"14256,4",-11018.12,50463.01,"0","0",3238.279999999999,-11018.12,"6601c26ae4d1f54a569c6d53","2024-03-25 18:49","2024-03-25 18:49",2024,3,25,18,49,1
"09017661001257",E100,"01/11/2023","30/11/2023",56771.54999999996,"56771,55",0.0000000000436557,"0",0.0,0.0,0.0,22556.389999999978,"22556,39",0.0000000000218279,"0",34215.16,0.0,34215.16,"0","0.00",22556.39,"0","0",0.0,0.0,"6601c26ae4d1f54a569c6d53","2024-03-25 18:49","2024-03-25 18:49",2024,3,25,18,49,1
"09017661000609",E100,"01/11/2022","30/11/2022",694105.2200000026,"694105,22",-0.0000000026775524,"0",0.0,0.0,0.0,290676.58000000037,"290676,58",-0.000000000349246,"0",113351.05,0.0,113351.05,"290077,59",-0.00,290676.5800000001,"0","0",290077.58999999997,-0.0000000000582077,"6601c26ae4d1f54a569c6d53","2024-03-25 18:49","2024-03-25 18:49",2024,3,25,18,49,1
"09017661000790",E100,"01/11/2023","30/11/2023",39700.219999999994,"39700,22",0.000000000007276,"0",0.0,0.0,0.0,13236.870000000003,"13236,87",-0.000000000001819,"0",24729.96,0.0,24729.96,"1733,39",-0.00,13236.87,"0","0",1733.3899999999994,-0.0000000000006821,"6601c26ae4d1f54a569c6d53","2024-03-25 18:49","2024-03-25 18:49",2024,3,25,18,49,1
"09017661000102",E100,"01/06/2023","30/06/2023",38809.62999999999,"38809,63",0.000000000007276,"0",130751.3,0.0,130751.3,33415.700000000026,"33415,7",-0.0000000000291038,"0",136145.23,0.0,136145.23,"0",-0.00,33415.700000000026,"0","0",-0.0000000000291038,-0.0000000000291038,"6601c26ae4d1f54a569c6d53","2024-03-25 18:49","2024-03-25 18:49",2024,3,25,18,49,1
"09017661000285",E100,"01/02/2023","28/02/2023",106707.46999999997,"106707,47",0.0000000000291038,"0",0.0,0.0,0.0,96022.17999999993,"96022,18",0.0000000000582077,"0",10685.29,0.0,10685.29,"0","0.00",96022.18,"0","0",0.000000000007276,0.000000000007276,"6601c26ae4d1f54a569c6d53","2024-03-25 18:49","2024-03-25 18:49",2024,3,25,18,49,1
"09017661001257",E100,"01/10/2023","31/10/2023",10508.000000000005,"10508,00",-0.000000000005457,"0,00",56885.15,0.0,56885.15,54050.64999999995,"54050,65",0.0000000000509317,"0,00",0.0,0.0,0.0,"13342,50","13342.50",40708.15,"0,00","0,00",13342.499999999993,-0.000000000007276,"6601c26ae4d1f54a569c6d53","2024-03-25 18:49","2024-03-25 18:49",2024,3,25,18,49,1
"35068230000339",E100,"01/04/2023","30/04/2023",0.0,"0",0.0,"0",0.0,0.0,0.0,174.95000000000002,"174,95",-0.0000000000000284,"0",0.0,0.0,0.0,"903,2",-1078.15,1253.1000000000001,"0","0",-174.95,-1078.15,"6601c26ae4d1f54a569c6d53","2024-03-25 18:49","2024-03-25 18:49",2024,3,25,18,49,1
"09017661000285",E100,"01/08/2023","31/08/2023",114593.78999999992,"114593,79",0.0000000000727596,"0,00",0.0,0.0,0.0,91910.82000000005,"91910,82",-0.0000000000436557,"0,00",22682.97,0.0,22682.97,"0,00",-0.00,91910.82000000002,"0,00","0,00",-0.0000000000145519,-0.0000000000145519,"6601c26ae4d1f54a569c6d53","2024-03-25 18:49","2024-03-25 18:49",2024,3,25,18,49,1
"09017661000285",E100,"01/09/2023","30/09/2023",95537.26999999995,"95537,27",0.0000000000582077,"0,00",0.0,0.0,0.0,63895.19000000006,"63895,19",-0.0000000000582077,"0,00",31642.08,0.0,31642.08,"0,00","0.00",63895.19,"0,00","0,00",0.0,0.0,"6601c26ae4d1f54a569c6d53","2024-03-25 18:49","2024-03-25 18:49",2024,3,25,18,49,1
"09017661000528",E100,"01/09/2023","30/09/2023",131222.34000000003,"131222,34",-0.0000000000291038,"270,44",184922.32,0.0,185192.76,171455.6100000003,"171455,61",-0.0000000003201421,"168,00",0.0,0.0,168.0,"144791,49","0.00",171455.61,"0,00","0,00",144791.49,0.0,"6601c26ae4d1f54a569c6d53","2024-03-25 18:49","2024-03-25 18:49",2024,3,25,18,49,1
"35068230000258",E100,"01/04/2023","30/04/2023",1105845.8999999983,"1105845,9",0.0000000016298145,"0",0.0,3547.92,3547.92,194247.3100000002,"194247,31",-0.0000000002037268,"0",0.0,810229.38,810229.38,"0","104917.13",89330.18000000023,"0","0",104917.12999999977,104917.12999999977,"6601c26ae4d1f54a569c6d53","2024-03-25 18:49","2024-03-25 18:49",2024,3,25,18,49,1
"09017661000870",E100,"01/05/2023","31/05/2023",39160.71999999999,"39160,72",0.0000000000145519,"0,00",0.0,0.0,0.0,43621.16000000004,"43621,16",-0.0000000000363798,"0,00",0.0,0.0,0.0,"11281,11",-15741.55,59362.71000000001,"0,00","0,00",-4460.440000000002,-15741.550000000003,"6601c26ae4d1f54a569c6d53","2024-03-25 18:49","2024-03-25 18:49",2024,3,25,18,49,1
"35068230000258",E100,"01/11/2022","30/11/2022",80437.31999999989,"80437,32",0.0000000001164153,"0",0.0,258.07,258.07,30445.110000000055,"30445,11",-0.0000000000545697,"0",0.0,42618.77,42618.77,"0","7631.51",22813.599999999984,"0","0",7631.510000000017,7631.510000000017,"6601c26ae4d1f54a569c6d53","2024-03-25 18:49","2024-03-25 18:49",2024,3,25,18,49,1
"35068230000258",E100,"01/08/2022","31/08/2022",903335.9200000085,"903335,92",-0.0000000084983185,"0",2898.2,0.0,2898.2,138977.2399999999,"138977,24",0.0000000000873115,"0",0.0,681552.88,681552.88,"0","85704.00",53273.23999999999,"0","0",85704.0,85704.0,"6601c26ae4d1f54a569c6d53","2024-03-25 18:49","2024-03-25 18:49",2024,3,25,18,49,1
"35068230000258",E100,"01/05/2023","31/05/2023",729849.9999999997,"728600,55",-1249.4499999996042,"0",6950.23,2334.99,9285.22,103858.52000000014,"103858,52",-0.0000000001309672,"0",0.0,564302.67,564302.67,"0","69724.58",34133.940000000046,"0","0",69724.57999999996,69724.57999999996,"6601c26ae4d1f54a569c6d53","2024-03-25 18:49","2024-03-25 18:49",2024,3,25,18,49,1
"09017661000285",E100,"01/04/2023","30/04/2023",123194.50999999992,"123194,51",0.0000000000727596,"0",0.0,0.0,0.0,108528.36000000006,"108528,36",-0.0000000000582077,"0",14666.15,0.0,14666.15,"0",-0.00,108528.36,"0","0",-0.000000000005457,-0.000000000005457,"6601c26ae4d1f54a569c6d53","2024-03-25 18:49","2024-03-25 18:49",2024,3,25,18,49,1
"09017661001095",E100,"01/12/2023","31/12/2023",71853.91000000015,"71853,91",-0.0000000001455192,"0",0.0,0.0,0.0,29649.699999999997,"29649,7",0.000000000003638,"0",0.0,0.0,0.0,"0","42204.21",-12554.510000000006,"0","0",42204.21000000001,42204.21000000001,"6601c26ae4d1f54a569c6d53","2024-03-25 18:49","2024-03-25 18:49",2024,3,25,18,49,1
"35068230000339",E100,"01/01/2023","31/01/2023",0.0,"0,00",0.0,"0,00",0.0,0.0,0.0,157.7,"157,70",0.0,"0,00",0.0,0.0,0.0,"522,90","522.90",-365.2,"0,00","0,00",-157.7,-680.5999999999999,"6601c26ae4d1f54a569c6d53","2024-03-25 18:49","2024-03-25 18:49",2024,3,25,18,49,1
"09017661000528",E100,"01/02/2023","28/02/2023",162715.4800000002,"162715,48",-0.0000000002037268,"101,42",0.0,0.0,101.42,170556.30999999994,"170556,33",0.020000000047730282,"63",0.0,0.0,63.0,"0",-7802.43,178358.75999999995,"0","0",-7802.429999999964,-7802.429999999964,"6601c26ae4d1f54a569c6d53","2024-03-25 18:49","2024-03-25 18:49",2024,3,25,18,49,1
"09017661000951",E100,"01/01/2023","31/01/2023",49746.029999999955,"49746,03",0.0000000000436557,"0,00",0.0,0.0,0.0,38196.560000000034,"38196,56",-0.0000000000363798,"0,00",0.0,0.0,0.0,"13807,47","13807.47",24389.089999999997,"0,00","0,00",11549.470000000001,-2257.999999999998,"6601c26ae4d1f54a569c6d53","2024-03-25 18:49","2024-03-25 18:49",2024,3,25,18,49,1
"09017661000447",E100,"01/07/2023","31/07/2023",135246.23000000016,"135246,23",-0.0000000001455192,"0",0.0,0.0,0.0,71590.79999999999,"71590,8",0.0000000000145519,"0",63655.43,0.0,63655.43,"0","0.00",71590.79999999999,"0","0",0.000000000007276,0.000000000007276,"6601c26ae4d1f54a569c6d53","2024-03-25 18:49","2024-03-25 18:49",2024,3,25,18,49,1
"35068230000410",E100,"20/10/2023","31/10/2023",0.0,"0",0.0,"0",0.0,0.0,0.0,0.0,"0",0.0,"0",0.0,0.0,0.0,"0","0.00",0.0,"0","0",0.0,0.0,"6601c26ae4d1f54a569c6d53","2024-03-25 18:49","2024-03-25 18:49",2024,3,25,18,49,1
"09017661001095",E100,"01/03/2023","31/03/2023",82466.42000000007,"82466,42",-0.0000000000727596,"0",0.0,0.0,0.0,90025.75000000006,"90025,75",-0.0000000000582077,"0",0.0,0.0,0.0,"73220,52",-80779.85,170805.6,"0","0",-7559.330000000002,-80779.85,"6601c26ae4d1f54a569c6d53","2024-03-25 18:49","2024-03-25 18:49",2024,3,25,18,49,1
"09017661000102",E100,"01/02/2023","28/02/2023",79665.21999999991,"79665,22",0.0000000000873115,"0,00",92224.99,0.0,92224.99,39372.319999999985,"39372,32",0.0000000000145519,"0,00",132517.89,0.0,132517.89,"0,00","0.00",39372.32,"0,00","0,00",0.0,0.0,"6601c26ae4d1f54a569c6d53","2024-03-25 18:49","2024-03-25 18:49",2024,3,25,18,49,1
"09017661001176",E100,"01/08/2023","31/08/2023",0.0,"0,00",0.0,"0,00",0.0,0.0,0.0,51953.909999999996,"51953,91",0.000000000007276,"0,00",0.0,0.0,0.0,"0,00",-51953.91,103907.82,"0,00","0,00",-51953.91,-51953.91,"6601c26ae4d1f54a569c6d53","2024-03-25 18:49","2024-03-25 18:49",2024,3,25,18,49,1
"35068230000339",E100,"01/09/2023","30/09/2023",0.0,"0",0.0,"0",0.0,0.0,0.0,224.59,"224,59",0.0,"0",0.0,0.0,0.0,"1595,07",-1819.66,2044.2499999999998,"0","0",-224.59,-1819.6599999999999,"6601c26ae4d1f54a569c6d53","2024-03-25 18:49","2024-03-25 18:49",2024,3,25,18,49,1
"35068230000258",E100,"01/07/2022","31/07/2022",561308.1299999959,"561308,13",0.0000000040745363,"0",1800.86,19243.66,21044.52,110583.5700000003,"110583,57",-0.0000000002910383,"0",0.21,418514.80000000005,418515.01000000007,"0","0.00",110583.57,"0","0",53254.06999999995,53254.06999999995,"6601c26ae4d1f54a569c6d53","2024-03-25 18:49","2024-03-25 18:49",2024,3,25,18,49,1
"09017661000951",E100,"01/07/2023","31/07/2023",93785.16000000002,"93785,16",-0.0000000000145519,"0",0.0,0.0,0.0,44496.40000000003,"44496,4",-0.0000000000291038,"0",0.0,0.0,0.0,"1231,63","48057.13",-3560.730000000003,"0","0",49288.76,48057.130000000005,"6601c26ae4d1f54a569c6d53","2024-03-25 18:49","2024-03-25 18:49",2024,3,25,18,49,1
"35068230000258",E100,"01/02/2023","28/02/2023",587780.5399999997,"587780,54",0.000000000349246,"0",614.8,1886.0,2500.8,135478.5299999998,"135478,53",0.0000000002037268,"0",0.0,399031.09,399031.09,"20936,5","34835.22",100643.30999999997,"0","0",55771.72000000003,34835.22000000003,"6601c26ae4d1f54a569c6d53","2024-03-25 18:49","2024-03-25 18:49",2024,3,25,18,49,1
"09017661000528",E100,"01/06/2023","30/06/2023",109504.3600000001,"109504,36",-0.0000000001018634,"0,00",136145.23,0.0,136145.23,151568.61000000002,"151568,61",-0.0000000000291038,"0,00",0.0,0.0,0.0,"156382,26",-62301.28,213869.88999999996,"0,00","0,00",94080.98000000004,-62301.27999999997,"6601c26ae4d1f54a569c6d53","2024-03-25 18:49","2024-03-25 18:49",2024,3,25,18,49,1
