"cst","desc_cst","abrev_tributacao","abrev_origem","dt_ini","dt_fin"
CST_ICMS,DESC_CST,Abreviação Tributação,Abreviação Origem,DT_INI,DT_FIM
"000","Nacional, exceto as indicadas nos códigos 3, 4, 5 e 8 da Tabela A - Tributada integralmente",Tributada integralmente,Nacional,"1082013",""
"002","Nacional, exceto as indicadas nos códigos 3 a 5 da Tabela A - Tributação monofásica própria sobre combustíveis",Tributação monofásica combustíveis,Nacional,"14022023","31032024"
"010","Nacional, exceto as indicadas nos códigos 3, 4, 5 e 8 da Tabela A - Tributada e com cobrança do ICMS por substituição tributária",Tributada e com ST,Nacional,"1082013",""
"015","Nacional, exceto as indicadas nos códigos 3 a 5 da Tabela A - Tributação monofásica própria e com responsabilidade pela retenção sobre combustíveis",Tributação monofásica com retenção combustíveis,Nacional,"14022023","31032024"
"020","Nacional, exceto as indicadas nos códigos 3, 4, 5 e 8 da Tabela A - Com redução de base de cálculo",Redução de base,Nacional,"1082013",""
"030","Nacional, exceto as indicadas nos códigos 3, 4, 5 e 8 da Tabela A - Isenta ou não tributada e com cobrança do ICMS por substituição tributária",Isenta ou não tributada e com ST,Nacional,"1082013",""
"040","Nacional, exceto as indicadas nos códigos 3, 4, 5 e 8 da Tabela A - Isenta",Isenta,Nacional,"1082013",""
"041","Nacional, exceto as indicadas nos códigos 3, 4, 5 e 8 da Tabela A - Não tributada",Não tributada,Nacional,"1082013",""
"050","Nacional, exceto as indicadas nos códigos 3, 4, 5 e 8 da Tabela A - Suspensão",Suspenção,Nacional,"1082013",""
"051","Nacional, exceto as indicadas nos códigos 3, 4, 5 e 8 da Tabela A - Diferimento",Diferimento,Nacional,"1082013",""
"053","Nacional, exceto as indicadas nos códigos 3 a 5 da Tabela A - Tributação monofásica sobre combustíveis com recolhimento diferido",Tributação monofásica combustíveis diferido,Nacional,"14022023","31032024"
"060","Nacional, exceto as indicadas nos códigos 3, 4, 5 e 8 da Tabela A - ICMS cobrado anteriormente por substituição tributária",ICMS cobrado por ST,Nacional,"1082013",""
"061","Nacional, exceto as indicadas nos códigos 3 a 5 da Tabela A - Tributação monofásica sobre combustíveis cobrada anteriormente",Tributação monofásica combustíveis cobrada anteriormente,Nacional,"14022023","31032024"
"070","Nacional, exceto as indicadas nos códigos 3, 4, 5 e 8 da Tabela A - Com redução de base de cálculo e cobrança do ICMS por substituição tributária",Redução de base e com ST,Nacional,"1082013",""
"090","Nacional, exceto as indicadas nos códigos 3, 4, 5 e 8 da Tabela A - Outras",Outras,Nacional,"1082013",""
"101",Simples Nacional - Tributada pelo Simples Nacional com permissão de crédito, Simples com crédito,SIMPLES,"1102010",""
"102",Simples Nacional - Tributada pelo Simples Nacional sem permissão de crédito, Simples sem crédito,SIMPLES,"1102010",""
"103",Simples Nacional - Isenção do ICMS no Simples Nacional para faixa de receita bruta,Simples isenta,SIMPLES,"1102010",""
"220","Estrangeira - Adquirida no mercado interno, exceto a indicada no código 7 da Tabela A - Com redução de base de cálculo",Redução de base,Estrangeira - Adquirida no mercado interno,"1012013",""
"270","Estrangeira - Adquirida no mercado interno, exceto a indicada no código 7 da Tabela A - Com redução de base de cálculo e cobrança do ICMS por substituição tributária",Redução de base e com ST,Estrangeira - Adquirida no mercado interno,"1012013",""
"251","Estrangeira - Adquirida no mercado interno, exceto a indicada no código 7 da Tabela A - Diferimento",Diferimento,Estrangeira - Adquirida no mercado interno,"1012013",""
"260","Estrangeira - Adquirida no mercado interno, exceto a indicada no código 7 da Tabela A - ICMS cobrado anteriormente por substituição tributária",ICMS cobrado por ST,Estrangeira - Adquirida no mercado interno,"1012013",""
"240","Estrangeira - Adquirida no mercado interno, exceto a indicada no código 7 da Tabela A - Isenta",Isenta,Estrangeira - Adquirida no mercado interno,"1012013",""
"230","Estrangeira - Adquirida no mercado interno, exceto a indicada no código 7 da Tabela A - Isenta ou não tributada e com cobrança do ICMS por substituição tributária",Isenta ou não tributada e com ST,Estrangeira - Adquirida no mercado interno,"1012013",""
"241","Estrangeira - Adquirida no mercado interno, exceto a indicada no código 7 da Tabela A - Não tributada",Não tributada,Estrangeira - Adquirida no mercado interno,"1012013",""
"290","Estrangeira - Adquirida no mercado interno, exceto a indicada no código 7 da Tabela A - Outras",Outras,Estrangeira - Adquirida no mercado interno,"1012013",""
"250","Estrangeira - Adquirida no mercado interno, exceto a indicada no código 7 da Tabela A - Suspensão",Suspenção,Estrangeira - Adquirida no mercado interno,"1012013",""
"215","Estrangeira - Adquirida no mercado interno, exceto a indicada no código 7 da Tabela A - Tributação monofásica própria e com responsabilidade pela retenção sobre combustíveis",Tributação monofásica com retenção combustíveis,Estrangeira - Adquirida no mercado interno,"1042023",""
"261","Estrangeira - Adquirida no mercado interno, exceto a indicada no código 7 da Tabela A - Tributação monofásica sobre combustíveis cobrada anteriormente",Tributação monofásica combustíveis cobrada anteriormente,Estrangeira - Adquirida no mercado interno,"1042023",""
"253","Estrangeira - Adquirida no mercado interno, exceto a indicada no código 7 da Tabela A - Tributação monofásica sobre combustíveis com recolhimento diferido",Tributação monofásica combustíveis diferido,Estrangeira - Adquirida no mercado interno,"1042023",""
"210","Estrangeira - Adquirida no mercado interno, exceto a indicada no código 7 da Tabela A - Tributada e com cobrança do ICMS por substituição tributária",Tributada e com ST,Estrangeira - Adquirida no mercado interno,"1012013",""
"200","Estrangeira - Adquirida no mercado interno, exceto a indicada no código 7 da Tabela A - Tributada integralmente",Tributada integralmente,Estrangeira - Adquirida no mercado interno,"1012013",""
"201",Simples Nacional - Tributada pelo Simples Nacional com permissão de crédito e com cobrança do ICMS por substituição tributária, Simples com crédito e ST,SIMPLES,"1102010",""
"202",Simples Nacional - Tributada pelo Simples Nacional sem permissão de crédito e com cobrança do ICMS por substituição tributária, Simples sem crédito e com ST,SIMPLES,"1102010",""
"203",Simples Nacional - Isenção do ICMS no Simples Nacional para faixa de receita bruta e com cobrança do ICMS por substituição tributária,Simples isento e com ST,SIMPLES,"1102010",""
"300","Nacional, mercadoria ou bem com Conteúdo de Importação superior a 40% (quarenta por cento) e inferior ou igual a 70% (setenta por cento) - Tributada integralmente",Tributada integralmente,Nacional - conteúdo de importação superior a 40% e inferior ou igual a 70%,"1082013",""
"302","Nacional, mercadoria ou bem com Conteúdo de Importação superior a 40% (quarenta por cento) e inferior ou igual a 70% (setenta por cento) - Tributação monofásica própria sobre combustíveis",Tributação monofásica combustíveis,Nacional - conteúdo de importação superior a 40% e inferior ou igual a 70%,"1042023",""
"310","Nacional, mercadoria ou bem com Conteúdo de Importação superior a 40% (quarenta por cento) e inferior ou igual a 70% (setenta por cento) - Tributada e com cobrança do ICMS por substituição tributária",Tributada e com ST,Nacional - conteúdo de importação superior a 40% e inferior ou igual a 70%,"1082013",""
"315","Nacional, mercadoria ou bem com Conteúdo de Importação superior a 40% (quarenta por cento) e inferior ou igual a 70% (setenta por cento) - Tributação monofásica própria e com responsabilidade pela retenção sobre combustíveis",Tributação monofásica com retenção combustíveis,Nacional - conteúdo de importação superior a 40% e inferior ou igual a 70%,"1042023",""
"320","Nacional, mercadoria ou bem com Conteúdo de Importação superior a 40% (quarenta por cento) e inferior ou igual a 70% (setenta por cento) - Com redução de base de cálculo",Redução de base,Nacional - conteúdo de importação superior a 40% e inferior ou igual a 70%,"1082013",""
"330","Nacional, mercadoria ou bem com Conteúdo de Importação superior a 40% (quarenta por cento) e inferior ou igual a 70% (setenta por cento) - Isenta ou não tributada e com cobrança do ICMS por substituição tributária",Isenta ou não tributada e com ST,Nacional - conteúdo de importação superior a 40% e inferior ou igual a 70%,"1082013",""
"340","Nacional, mercadoria ou bem com Conteúdo de Importação superior a 40% (quarenta por cento) e inferior ou igual a 70% (setenta por cento) - Isenta",Isenta,Nacional - conteúdo de importação superior a 40% e inferior ou igual a 70%,"1082013",""
"341","Nacional, mercadoria ou bem com Conteúdo de Importação superior a 40% (quarenta por cento) e inferior ou igual a 70% (setenta por cento) - Não tributada",Não tributada,Nacional - conteúdo de importação superior a 40% e inferior ou igual a 70%,"1082013",""
"350","Nacional, mercadoria ou bem com Conteúdo de Importação superior a 40% (quarenta por cento) e inferior ou igual a 70% (setenta por cento) - Suspensão",Suspenção,Nacional - conteúdo de importação superior a 40% e inferior ou igual a 70%,"1082013",""
"351","Nacional, mercadoria ou bem com Conteúdo de Importação superior a 40% (quarenta por cento) e inferior ou igual a 70% (setenta por cento) - Diferimento",Diferimento,Nacional - conteúdo de importação superior a 40% e inferior ou igual a 70%,"1082013",""
"353","Nacional, mercadoria ou bem com Conteúdo de Importação superior a 40% (quarenta por cento) e inferior ou igual a 70% (setenta por cento) - Tributação monofásica sobre combustíveis com recolhimento diferido",Tributação monofásica combustíveis diferido,Nacional - conteúdo de importação superior a 40% e inferior ou igual a 70%,"1042023",""
"360","Nacional, mercadoria ou bem com Conteúdo de Importação superior a 40% (quarenta por cento) e inferior ou igual a 70% (setenta por cento) - ICMS cobrado anteriormente por substituição tributária",ICMS cobrado por ST,Nacional - conteúdo de importação superior a 40% e inferior ou igual a 70%,"1082013",""
"361","Nacional, mercadoria ou bem com Conteúdo de Importação superior a 40% (quarenta por cento) e inferior ou igual a 70% (setenta por cento) - Tributação monofásica sobre combustíveis cobrada anteriormente",Tributação monofásica combustíveis cobrada anteriormente,Nacional - conteúdo de importação superior a 40% e inferior ou igual a 70%,"1042023",""
"370","Nacional, mercadoria ou bem com Conteúdo de Importação superior a 40% (quarenta por cento) e inferior ou igual a 70% (setenta por cento) - Com redução de base de cálculo e cobrança do ICMS por substituição tributária",Redução de base e com ST,Nacional - conteúdo de importação superior a 40% e inferior ou igual a 70%,"1082013",""
"390","Nacional, mercadoria ou bem com Conteúdo de Importação superior a 40% (quarenta por cento) e inferior ou igual a 70% (setenta por cento) - Outras",Outras,Nacional - conteúdo de importação superior a 40% e inferior ou igual a 70%,"1082013",""
"400","Nacional, cuja produção tenha sido feita em conformidade com os processos produtivos básicos de que tratam o Decreto-Lei nº 288/67, e as Leis nºs 8.248/91, 8.387/91, 10.176/01 e 11.484/07 - Tributada integralmente",Tributada integralmente,Nacional,"1012013",""
"402","Nacional, cuja produção tenha sido feita em conformidade com os processos produtivos básicos de que tratam o Decreto-Lei nº 288/67, e as Leis nºs 8.248/91, 8.387/91, 10.176/01 e 11.484/07 - Tributação monofásica própria sobre combustíveis",Tributação monofásica combustíveis,Nacional,"1042023",""
"410","Nacional, cuja produção tenha sido feita em conformidade com os processos produtivos básicos de que tratam o Decreto-Lei nº 288/67, e as Leis nºs 8.248/91, 8.387/91, 10.176/01 e 11.484/08 - Tributada e com cobrança do ICMS por substituição tributária",Tributada e com ST,Nacional,"1012013",""
"415","Nacional, cuja produção tenha sido feita em conformidade com os processos produtivos básicos de que tratam o Decreto-Lei nº 288/67, e as Leis nºs 8.248/91, 8.387/91, 10.176/01 e 11.484/07 - Tributação monofásica própria e com responsabilidade pela retenção sobre combustíveis",Tributação monofásica com retenção combustíveis,Nacional,"1042023",""
"420","Nacional, cuja produção tenha sido feita em conformidade com os processos produtivos básicos de que tratam o Decreto-Lei nº 288/67, e as Leis nºs 8.248/91, 8.387/91, 10.176/01 e 11.484/09 - Com redução de base de cálculo",Redução de base,Nacional,"1012013",""
"430","Nacional, cuja produção tenha sido feita em conformidade com os processos produtivos básicos de que tratam o Decreto-Lei nº 288/67, e as Leis nºs 8.248/91, 8.387/91, 10.176/01 e 11.484/10 - Isenta ou não tributada e com cobrança do ICMS por substituição tributária",Ienta ou não tributada e com ST,Nacional,"1012013",""
"440","Nacional, cuja produção tenha sido feita em conformidade com os processos produtivos básicos de que tratam o Decreto-Lei nº 288/67, e as Leis nºs 8.248/91, 8.387/91, 10.176/01 e 11.484/11 - Isenta",Isenta,Nacional,"1012013",""
"441","Nacional, cuja produção tenha sido feita em conformidade com os processos produtivos básicos de que tratam o Decreto-Lei nº 288/67, e as Leis nºs 8.248/91, 8.387/91, 10.176/01 e 11.484/12 - Não tributada",Não tributada,Nacional,"1012013",""
"450","Nacional, cuja produção tenha sido feita em conformidade com os processos produtivos básicos de que tratam o Decreto-Lei nº 288/67, e as Leis nºs 8.248/91, 8.387/91, 10.176/01 e 11.484/13 - Suspensão",Suspenção,Nacional,"1012013",""
"451","Nacional, cuja produção tenha sido feita em conformidade com os processos produtivos básicos de que tratam o Decreto-Lei nº 288/67, e as Leis nºs 8.248/91, 8.387/91, 10.176/01 e 11.484/14 - Diferimento",Diferimento,Nacional,"1012013",""
"453","Nacional, cuja produção tenha sido feita em conformidade com os processos produtivos básicos de que tratam o Decreto-Lei nº 288/67, e as Leis nºs 8.248/91, 8.387/91, 10.176/01 e 11.484/07 - Tributação monofásica sobre combustíveis com recolhimento diferido",Tributação monofásica combustíveis diferido,Nacional,"1042023",""
"460","Nacional, cuja produção tenha sido feita em conformidade com os processos produtivos básicos de que tratam o Decreto-Lei nº 288/67, e as Leis nºs 8.248/91, 8.387/91, 10.176/01 e 11.484/15 - ICMS cobrado anteriormente por substituição tributária",ICMS cobrado por ST,Nacional,"1012013",""
"461","Nacional, cuja produção tenha sido feita em conformidade com os processos produtivos básicos de que tratam o Decreto-Lei nº 288/67, e as Leis nºs 8.248/91, 8.387/91, 10.176/01 e 11.484/07 - Tributação monofásica sobre combustíveis cobrada anteriormente",Tributação monofásica combustíveis cobrada anteriormente,Nacional,"1042023",""
"470","Nacional, cuja produção tenha sido feita em conformidade com os processos produtivos básicos de que tratam o Decreto-Lei nº 288/67, e as Leis nºs 8.248/91, 8.387/91, 10.176/01 e 11.484/16 - Com redução de base de cálculo e cobrança do ICMS por substituição tributária",Redução de base e com ST,Nacional,"1012013",""
"490","Nacional, cuja produção tenha sido feita em conformidade com os processos produtivos básicos de que tratam o Decreto-Lei nº 288/67, e as Leis nºs 8.248/91, 8.387/91, 10.176/01 e 11.484/17 - Outras",Outras,Nacional,"1012013",""
"500","Nacional, mercadoria ou bem com Conteúdo de Importação inferior ou igual a 40% (quarenta por cento) - Tributada integralmente",Tributada integralmente,Nacional - conteúdo de importação inferior ou igual a 40%,"1012013",""
"502","Nacional, mercadoria ou bem com Conteúdo de Importação inferior ou igual a 40% (quarenta por cento) - Tributação monofásica própria sobre combustíveis",Tributação monofásica combustíveis,Nacional - conteúdo de importação inferior ou igual a 40%,"1042023",""
"510","Nacional, mercadoria ou bem com Conteúdo de Importação inferior ou igual a 40% (quarenta por cento) - Tributada e com cobrança do ICMS por substituição tributária",Tributada e com ST,Nacional - conteúdo de importação inferior ou igual a 40%,"1012013",""
"515","Nacional, mercadoria ou bem com Conteúdo de Importação inferior ou igual a 40% (quarenta por cento) - Tributação monofásica própria e com responsabilidade pela retenção sobre combustíveis",Tributação monofásica com retenção combustíveis,Nacional - conteúdo de importação inferior ou igual a 40%,"1042023",""
"520","Nacional, mercadoria ou bem com Conteúdo de Importação inferior ou igual a 40% (quarenta por cento) - Com redução de base de cálculo",Redução de base,Nacional - conteúdo de importação inferior ou igual a 40%,"1012013",""
"530","Nacional, mercadoria ou bem com Conteúdo de Importação inferior ou igual a 40% (quarenta por cento) - Isenta ou não tributada e com cobrança do ICMS por substituição tributária",Isenta ou não tributada e com ST,Nacional - conteúdo de importação inferior ou igual a 40%,"1012013",""
"540","Nacional, mercadoria ou bem com Conteúdo de Importação inferior ou igual a 40% (quarenta por cento) - Isenta",Isenta,Nacional - conteúdo de importação inferior ou igual a 40%,"1012013",""
"541","Nacional, mercadoria ou bem com Conteúdo de Importação inferior ou igual a 40% (quarenta por cento) - Não tributada",Não tributada,Nacional - conteúdo de importação inferior ou igual a 40%,"1012013",""
"550","Nacional, mercadoria ou bem com Conteúdo de Importação inferior ou igual a 40% (quarenta por cento) - Suspensão",Suspenção,Nacional - conteúdo de importação inferior ou igual a 40%,"1012013",""
"551","Nacional, mercadoria ou bem com Conteúdo de Importação inferior ou igual a 40% (quarenta por cento) - Diferimento",Diferimento,Nacional - conteúdo de importação inferior ou igual a 40%,"1012013",""
"553","Nacional, mercadoria ou bem com Conteúdo de Importação inferior ou igual a 40% (quarenta por cento) - Tributação monofásica sobre combustíveis com recolhimento diferido",Tributação monofásica combustíveis diferido,Nacional - conteúdo de importação inferior ou igual a 40%,"1042023",""
"560","Nacional, mercadoria ou bem com Conteúdo de Importação inferior ou igual a 40% (quarenta por cento) - ICMS cobrado anteriormente por substituição tributária",ICMS cobrado por ST,Nacional - conteúdo de importação inferior ou igual a 40%,"1012013",""
"561","Nacional, mercadoria ou bem com Conteúdo de Importação inferior ou igual a 40% (quarenta por cento) - Tributação monofásica sobre combustíveis cobrada anteriormente",Tributação monofásica combustíveis cobrada anteriormente,Nacional - conteúdo de importação inferior ou igual a 40%,"1042023",""
"570","Nacional, mercadoria ou bem com Conteúdo de Importação inferior ou igual a 40% (quarenta por cento) - Com redução de base de cálculo e cobrança do ICMS por substituição tributária",Redução de base e com ST,Nacional - conteúdo de importação inferior ou igual a 40%,"1012013",""
"590","Nacional, mercadoria ou bem com Conteúdo de Importação inferior ou igual a 40% (quarenta por cento) - Outras",Outras,Nacional - conteúdo de importação inferior ou igual a 40%,"1012013",""
"120","Estrangeira - Importação direta, exceto a indicada no código 6 da Tabela A - Com redução de base de cálculo",Redução de base,Estrangeira - Importação direta,"1012013",""
"170","Estrangeira - Importação direta, exceto a indicada no código 6 da Tabela A - Com redução de base de cálculo e cobrança do ICMS por substituição tributária",Redução de base e com ST,Estrangeira - Importação direta,"1012013",""
"151","Estrangeira - Importação direta, exceto a indicada no código 6 da Tabela A - Diferimento",Diferimento,Estrangeira - Importação direta,"1012013",""
"160","Estrangeira - Importação direta, exceto a indicada no código 6 da Tabela A - ICMS cobrado anteriormente por substituição tributária",ICMS cobrado por ST,Estrangeira - Importação direta,"1012013",""
"140","Estrangeira - Importação direta, exceto a indicada no código 6 da Tabela A - Isenta",Isenta,Estrangeira - Importação direta,"1012013",""
"130","Estrangeira - Importação direta, exceto a indicada no código 6 da Tabela A - Isenta ou não tributada e com cobrança do ICMS por substituição tributária",Isenta ou não tributada e com ST,Estrangeira - Importação direta,"1012013",""
"141","Estrangeira - Importação direta, exceto a indicada no código 6 da Tabela A - Não tributada",Não tributada,Estrangeira - Importação direta,"1012013",""
"190","Estrangeira - Importação direta, exceto a indicada no código 6 da Tabela A - Outras",Outras,Estrangeira - Importação direta,"1012013",""
"150","Estrangeira - Importação direta, exceto a indicada no código 6 da Tabela A - Suspensão",Suspenção,Estrangeira - Importação direta,"1012013",""
"115","Estrangeira - Importação direta, exceto a indicada no código 6 da Tabela A - Tributação monofásica própria e com responsabilidade pela retenção sobre combustíveis",Tributação monofásica com retenção combustíveis,Estrangeira - Importação direta,"1042023",""
"161","Estrangeira - Importação direta, exceto a indicada no código 6 da Tabela A - Tributação monofásica sobre combustíveis cobrada anteriormente",Tributação monofásica combustíveis cobrada anteriormente,Estrangeira - Importação direta,"1042023",""
"153","Estrangeira - Importação direta, exceto a indicada no código 6 da Tabela A - Tributação monofásica sobre combustíveis com recolhimento diferido",Tributação monofásica combustíveis diferido,Estrangeira - Importação direta,"1042023",""
"110","Estrangeira - Importação direta, exceto a indicada no código 6 da Tabela A - Tributada e com cobrança do ICMS por substituição tributária",Tributada e com ST,Estrangeira - Importação direta,"1012013",""
"100","Estrangeira - Importação direta, exceto a indicada no código 6 da Tabela A - Tributada integralmente",Tributada integralmente,Estrangeira - Importação direta,"1012013",""
"600","Estrangeira - Importação direta, sem similar nacional, constante em lista de Resolução CAMEX - Tributada integralmente",Tributada integralmente,"Estrangeira - Importação direta, sem similar nacional CAMEX","1012013",""
"602","Estrangeira - Importação direta, sem similar nacional, constante em lista de Resolução CAMEX - Tributação monofásica própria sobre combustíveis",Tributação monofásica combustíveis,"Estrangeira - Importação direta, sem similar nacional CAMEX","1042023",""
"610","Estrangeira - Importação direta, sem similar nacional, constante em lista de Resolução CAMEX - Tributada e com cobrança do ICMS por substituição tributária",Tributada e com ST,"Estrangeira - Importação direta, sem similar nacional CAMEX","1012013",""
"615","Estrangeira - Importação direta, sem similar nacional, constante em lista de Resolução CAMEX - Tributação monofásica própria e com responsabilidade pela retenção sobre combustíveis",Tributação monofásica com retenção combustíveis,"Estrangeira - Importação direta, sem similar nacional CAMEX","1042023",""
"620","Estrangeira - Importação direta, sem similar nacional, constante em lista de Resolução CAMEX - Com redução de base de cálculo",Redução de base,"Estrangeira - Importação direta, sem similar nacional CAMEX","1012013",""
"630","Estrangeira - Importação direta, sem similar nacional, constante em lista de Resolução CAMEX - Isenta ou não tributada e com cobrança do ICMS por substituição tributária",Isenta ou não tributada e com ST,"Estrangeira - Importação direta, sem similar nacional CAMEX","1012013",""
"640","Estrangeira - Importação direta, sem similar nacional, constante em lista de Resolução CAMEX - Isenta",Isenta,"Estrangeira - Importação direta, sem similar nacional CAMEX","1012013",""
"641","Estrangeira - Importação direta, sem similar nacional, constante em lista de Resolução CAMEX - Não tributada",Não tributada,"Estrangeira - Importação direta, sem similar nacional CAMEX","1012013",""
"650","Estrangeira - Importação direta, sem similar nacional, constante em lista de Resolução CAMEX - Suspensão",Suspenção,"Estrangeira - Importação direta, sem similar nacional CAMEX","1012013",""
"651","Estrangeira - Importação direta, sem similar nacional, constante em lista de Resolução CAMEX - Diferimento",Diferimento,"Estrangeira - Importação direta, sem similar nacional CAMEX","1012013",""
"653","Estrangeira - Importação direta, sem similar nacional, constante em lista de Resolução CAMEX - Tributação monofásica sobre combustíveis com recolhimento diferido",Tributação monofásica combustíveis diferido,"Estrangeira - Importação direta, sem similar nacional CAMEX","1042023",""
"660","Estrangeira - Importação direta, sem similar nacional, constante em lista de Resolução CAMEX - ICMS cobrado anteriormente por substituição tributária",ICMS cobrado por ST,"Estrangeira - Importação direta, sem similar nacional CAMEX","1012013",""
"661","Estrangeira - Importação direta, sem similar nacional, constante em lista de Resolução CAMEX - Tributação monofásica sobre combustíveis cobrada anteriormente",Tributação monofásica combustíveis cobrada anteriormente,"Estrangeira - Importação direta, sem similar nacional CAMEX","1042023",""
"670","Estrangeira - Importação direta, sem similar nacional, constante em lista de Resolução CAMEX - Com redução de base de cálculo e cobrança do ICMS por substituição tributária",Redução de base e com ST,"Estrangeira - Importação direta, sem similar nacional CAMEX","1012013",""
"690","Estrangeira - Importação direta, sem similar nacional, constante em lista de Resolução CAMEX - Outras",Outras,"Estrangeira - Importação direta, sem similar nacional CAMEX","1012013",""
"700","Estrangeira - Adquirida no mercado interno, sem similar nacional, constante em lista de Resolução CAMEX - Tributada integralmente",Tributada integralmente,"Estrangeira - Adquirida no mercado interno, sem similar nacional, CAMEX","1012013",""
"702","Estrangeira - Adquirida no mercado interno, sem similar nacional, constante em lista de Resolução CAMEX - Tributação monofásica própria sobre combustíveis",Tributação monofásica combustíveis,"Estrangeira - Adquirida no mercado interno, sem similar nacional, CAMEX","1042023",""
"710","Estrangeira - Adquirida no mercado interno, sem similar nacional, constante em lista de Resolução CAMEX - Tributada e com cobrança do ICMS por substituição tributária",Tributada e com ST,"Estrangeira - Adquirida no mercado interno, sem similar nacional, CAMEX","1012013",""
"715","Estrangeira - Adquirida no mercado interno, sem similar nacional, constante em lista de Resolução CAMEX - Tributação monofásica própria e com responsabilidade pela retenção sobre combustíveis",Tributação monofásica com retenção combustíveis,"Estrangeira - Adquirida no mercado interno, sem similar nacional, CAMEX","1042023",""
"720","Estrangeira - Adquirida no mercado interno, sem similar nacional, constante em lista de Resolução CAMEX - Com redução de base de cálculo",Redução de base,"Estrangeira - Adquirida no mercado interno, sem similar nacional, CAMEX","1012013",""
"730","Estrangeira - Adquirida no mercado interno, sem similar nacional, constante em lista de Resolução CAMEX - Isenta ou não tributada e com cobrança do ICMS por substituição tributária",Isenta ou não tributada e com ST,"Estrangeira - Adquirida no mercado interno, sem similar nacional, CAMEX","1012013",""
"740","Estrangeira - Adquirida no mercado interno, sem similar nacional, constante em lista de Resolução CAMEX - Isenta",Isenta,"Estrangeira - Adquirida no mercado interno, sem similar nacional, CAMEX","1012013",""
"741","Estrangeira - Adquirida no mercado interno, sem similar nacional, constante em lista de Resolução CAMEX - Não tributada",Não tributada,"Estrangeira - Adquirida no mercado interno, sem similar nacional, CAMEX","1012013",""
"750","Estrangeira - Adquirida no mercado interno, sem similar nacional, constante em lista de Resolução CAMEX - Suspensão",Suspenção,"Estrangeira - Adquirida no mercado interno, sem similar nacional, CAMEX","1012013",""
"751","Estrangeira - Adquirida no mercado interno, sem similar nacional, constante em lista de Resolução CAMEX - Diferimento",Diferimento,"Estrangeira - Adquirida no mercado interno, sem similar nacional, CAMEX","1012013",""
"753","Estrangeira - Adquirida no mercado interno, sem similar nacional, constante em lista de Resolução CAMEX - Tributação monofásica sobre combustíveis com recolhimento diferido",Tributação monofásica combustíveis diferido,"Estrangeira - Adquirida no mercado interno, sem similar nacional, CAMEX","1042023",""
"760","Estrangeira - Adquirida no mercado interno, sem similar nacional, constante em lista de Resolução CAMEX - ICMS cobrado anteriormente por substituição tributária",ICMS cobrado por ST,"Estrangeira - Adquirida no mercado interno, sem similar nacional, CAMEX","1012013",""
"761","Estrangeira - Adquirida no mercado interno, sem similar nacional, constante em lista de Resolução CAMEX - Tributação monofásica sobre combustíveis cobrada anteriormente",Tributação monofásica combustíveis cobrada anteriormente,"Estrangeira - Adquirida no mercado interno, sem similar nacional, CAMEX","1042023",""
"770","Estrangeira - Adquirida no mercado interno, sem similar nacional, constante em lista de Resolução CAMEX - Com redução de base de cálculo e cobrança do ICMS por substituição tributária",Redução de base e com ST,"Estrangeira - Adquirida no mercado interno, sem similar nacional, CAMEX","1012013",""
"790","Estrangeira - Adquirida no mercado interno, sem similar nacional, constante em lista de Resolução CAMEX - Outras",Outras,"Estrangeira - Adquirida no mercado interno, sem similar nacional, CAMEX","1012013",""
"800","Nacional, mercadoria ou bem com Conteúdo de Importação superior a 70% (setenta por cento) - Tributada integralmente",Tributada integralmente,Nacional - conteúdo de importação superior a 70%,"1082013",""
"802","Nacional, mercadoria ou bem com Conteúdo de Importação superior a 70% (setenta por cento) - Tributação monofásica própria sobre combustíveis",Tributação monofásica combustíveis,Nacional - conteúdo de importação superior a 70%,"1042023",""
"810","Nacional, mercadoria ou bem com Conteúdo de Importação superior a 70% (setenta por cento) - Tributada e com cobrança do ICMS por substituição tributária",Tributada e com ST,Nacional - conteúdo de importação superior a 70%,"1082013",""
"815","Nacional, mercadoria ou bem com Conteúdo de Importação superior a 70% (setenta por cento) - Tributação monofásica própria e com responsabilidade pela retenção sobre combustíveis",Tributação monofásica com retenção combustíveis,Nacional - conteúdo de importação superior a 70%,"1042023",""
"820","Nacional, mercadoria ou bem com Conteúdo de Importação superior a 70% (setenta por cento) - Com redução de base de cálculo",Redução de base,Nacional - conteúdo de importação superior a 70%,"1082013",""
"830","Nacional, mercadoria ou bem com Conteúdo de Importação superior a 70% (setenta por cento) - Isenta ou não tributada e com cobrança do ICMS por substituição tributária",Isenta ou não tributada e com ST,Nacional - conteúdo de importação superior a 70%,"1082013",""
"840","Nacional, mercadoria ou bem com Conteúdo de Importação superior a 70% (setenta por cento) - Isenta",Isenta,Nacional - conteúdo de importação superior a 70%,"1082013",""
"841","Nacional, mercadoria ou bem com Conteúdo de Importação superior a 70% (setenta por cento) - Não tributada",Não tributada,Nacional - conteúdo de importação superior a 70%,"1082013",""
"850","Nacional, mercadoria ou bem com Conteúdo de Importação superior a 70% (setenta por cento) - Suspensão",Suspenção,Nacional - conteúdo de importação superior a 70%,"1082013",""
"851","Nacional, mercadoria ou bem com Conteúdo de Importação superior a 70% (setenta por cento) - Diferimento",Diferimento,Nacional - conteúdo de importação superior a 70%,"1082013",""
"853","Nacional, mercadoria ou bem com Conteúdo de Importação superior a 70% (setenta por cento) - Tributação monofásica sobre combustíveis com recolhimento diferido",Tributação monofásica combustíveis diferido,Nacional - conteúdo de importação superior a 70%,"1042023",""
"860","Nacional, mercadoria ou bem com Conteúdo de Importação superior a 70% (setenta por cento) - ICMS cobrado anteriormente por substituição tributária",ICMS cobrado por ST,Nacional - conteúdo de importação superior a 70%,"1082013",""
"861","Nacional, mercadoria ou bem com Conteúdo de Importação superior a 70% (setenta por cento) - Tributação monofásica sobre combustíveis cobrada anteriormente",Tributação monofásica combustíveis cobrada anteriormente,Nacional - conteúdo de importação superior a 70%,"1042023",""
"870","Nacional, mercadoria ou bem com Conteúdo de Importação superior a 70% (setenta por cento) - Com redução de base de cálculo e cobrança do ICMS por substituição tributária",Redução de base e com ST,Nacional - conteúdo de importação superior a 70%,"1082013",""
"890","Nacional, mercadoria ou bem com Conteúdo de Importação superior a 70% (setenta por cento) - Outras",Outras,Nacional - conteúdo de importação superior a 70%,"1082013",""
"900",Simples Nacional - Outros,Simples outras,SIMPLES,"1102010",""
