"id","bacen","dt_fim","dt_ini","nome","situacao"
"214","7447",NULL,NULL,SIRIA, REPUBLICA ARABE DA
"245","8451",NULL,NULL,URUGUAI,NULL
"90","3018",NULL,NULL,GRECIA,NULL
"70","2437",NULL,NULL,ERITREIA,NULL
"29","981",NULL,NULL,BOSNIA-HERZEGOVINA (REPUBLICA DA),NULL
"179","5932",NULL,NULL,PITCAIRN,ILHA
"52","1694",NULL,NULL,COLOMBIA,NULL
"16","698",NULL,NULL,AUSTRALIA,NULL
"107","3595",NULL,NULL,MAN, ILHA DE
"165","5380",NULL,NULL,NORUEGA,NULL
"138","4642",NULL,NULL,MALI,NULL
"58","1937",NULL,NULL,COSTA DO MARFIM,NULL
"170","5568",NULL,NULL,OMA,NULL
"252","8702",NULL,NULL,FIJI,NULL
ID,bacen,DT_FIM,DT_INICIO,NOME,SITUACAO
"33","1058",NULL,NULL,BRASIL,NULL
"183","6114",NULL,NULL,PORTO RICO,NULL
"230","7838",NULL,NULL,DJIBUTI,NULL
"17","728",NULL,NULL,AUSTRIA,NULL
"150","4952",NULL,NULL,MONACO,NULL
"18","736",NULL,NULL,AZERBAIJAO, REPUBLICA DO
"250","8630",NULL,NULL,VIRGENS,ILHAS (BRITANICAS)
"121","4111",NULL,NULL,KIRIBATI,NULL
"5","310",NULL,NULL,BURKINA FASO,NULL
"218","7552",NULL,NULL,SVALBARD E JAN MAYERN,INCLUÍDO
"9","420",NULL,NULL,ANTARTICA,INCLUÍDO
"161","5258",NULL,NULL,NIGER,NULL
"242","8281",NULL,NULL,TUVALU,NULL
"30","990",NULL,NULL,BONAIRE,INCLUÍDO
"191","6700",NULL,NULL,ROMENIA,NULL
"112","3727",NULL,NULL,IRA, REPUBLICA ISLAMICA DO
"200","6939",NULL,NULL,SAO BARTOLOMEU,INCLUÍDO
"26","906",NULL,NULL,BERMUDAS,NULL
"86","2917",NULL,NULL,GEORGIA, REPUBLICA DA
"53","1732",NULL,NULL,COMORES, ILHAS
"131","4456",NULL,NULL,LUXEMBURGO,NULL
"41","1457",NULL,NULL,CAMAROES,NULL
"92","3093",NULL,NULL,GUADALUPE,NULL
"162","5282",NULL,NULL,NIGERIA,NULL
"246","8478",NULL,NULL,UZBEQUISTAO, REPUBLICA DO
"248","8508",NULL,NULL,VENEZUELA,NULL
"137","4618",NULL,NULL,MALDIVAS,NULL
"10","434",NULL,NULL,ANTIGUA E BARBUDA,NULL
"102","3433",NULL,NULL,ILHA HEARD E ILHAS MCDONALD,INCLUÍDO
"128","4383",NULL,NULL,LIBIA,NULL
"3","175",NULL,NULL,ALBANIA, REPUBLICA  DA
"4","230",NULL,NULL,ALEMANHA,NULL
"134","4502",NULL,NULL,MADAGASCAR,NULL
"209","7285",NULL,NULL,SENEGAL,NULL
"180","5991",NULL,NULL,POLINESIA FRANCESA,NULL
"24","876",NULL,NULL,BELGICA,NULL
"188","6475",NULL,NULL,REPUBLICA DOMINICANA,NULL
"89","2976",NULL,NULL,GRANADA,NULL
"110","3654",NULL,NULL,INDONESIA,NULL
"78","2550",NULL,NULL,FALKLAND (ILHAS MALVINAS),NULL
"43","1504","2018-05-31 00:00:00.0000000","2006-01-01 00:00:00.0000000",GUERNSEY, ILHA DO CANAL (INCLUI ALDERNEY E SARK)
"219","7560",NULL,NULL,AFRICA DO SUL,NULL
"129","4405",NULL,NULL,LIECHTENSTEIN,NULL
"207","7153",NULL,NULL,SANTA LUCIA,NULL
"174","5762",NULL,NULL,PAQUISTAO,NULL
"237","8150",NULL,NULL,TRINIDAD E TOBAGO,NULL
"68","2399",NULL,NULL,EQUADOR,NULL
"74","2470",NULL,NULL,ESLOVACA, REPUBLICA
"39","1376",NULL,NULL,CAYMAN, ILHAS
"210","7315",NULL,NULL,SEYCHELLES,NULL
"234","8001",NULL,NULL,TOGO,NULL
"196","6874",NULL,NULL,EL SALVADOR,NULL
"178","5894",NULL,NULL,PERU,NULL
"19","779",NULL,NULL,BAHAMAS, ILHAS
"48","1600",NULL,NULL,CHINA, REPUBLICA POPULAR
"253","8753",NULL,NULL,WALLIS E FUTUNA, ILHAS
"56","1872",NULL,NULL,COREIA (DO NORTE), REP.POP.DEMOCRATICA
"222","7641",NULL,NULL,SUECIA,NULL
"66","2321",NULL,NULL,DINAMARCA,NULL
"31","1015",NULL,NULL,BOTSUANA,NULL
"177","5860",NULL,NULL,PARAGUAI,NULL
"15","655",NULL,NULL,ARUBA,NULL
"37","1198",NULL,NULL,BUTAO,NULL
"7","400",NULL,NULL,ANGOLA,NULL
"63","1996",NULL,NULL,CUBA,NULL
"69","2402",NULL,NULL,EGITO,NULL
"232","7919",NULL,NULL,TCHECA, REPUBLICA
"50","1635",NULL,NULL,CHIPRE,NULL
"240","8249",NULL,NULL,TURCOMENISTAO, REPUBLICA DO
"109","3611",NULL,NULL,INDIA,NULL
"249","8583",NULL,NULL,VIETNA,NULL
"96","3255",NULL,NULL,GUIANA FRANCESA,NULL
"186","6289",NULL,NULL,REINO UNIDO,NULL
"206","7102",NULL,NULL,SANTA HELENA,NULL
"111","3697",NULL,NULL,IRAQUE,NULL
"167","5452",NULL,NULL,PAPUA NOVA GUINE,NULL
"120","4030",NULL,NULL,JORDANIA,NULL
"238","8206",NULL,NULL,TUNISIA,NULL
"184","6238",NULL,NULL,QUENIA,NULL
"75","2496",NULL,NULL,ESTADOS UNIDOS,NULL
"197","6904",NULL,NULL,SAMOA,NULL
"42","1490",NULL,NULL,CANADA,NULL
"153","4995",NULL,NULL,MICRONESIA,NULL
"194","6777",NULL,NULL,SALOMAO, ILHAS
"145","4880",NULL,NULL,MAURITANIA,NULL
"79","2593",NULL,NULL,FEROE, ILHAS
"126","4316",NULL,NULL,LIBANO,NULL
"171","5665",NULL,NULL,PACIFICO,ILHAS DO (POSSESSAO DOS EUA)
"233","7951",NULL,NULL,TIMOR LESTE,NULL
"115","3832",NULL,NULL,ISRAEL,NULL
"195","6858",NULL,NULL,SAARA OCIDENTAL,NULL
"83","2810",NULL,NULL,GABAO,NULL
"223","7676",NULL,NULL,SUICA,NULL
"182","6076",NULL,NULL,PORTUGAL,NULL
"135","4553",NULL,NULL,MALASIA,NULL
"46","1546",NULL,NULL,CATAR,NULL
"255","8907",NULL,NULL,ZAMBIA,NULL
"113","3751",NULL,NULL,IRLANDA,NULL
"175","5780",NULL,NULL,PALESTINA,NULL
"142","4766",NULL,NULL,MARSHALL,ILHAS
"185","6254",NULL,NULL,QUIRGUIZ, REPUBLICA
"226","7765",NULL,NULL,TAILANDIA,NULL
"201","6971",NULL,NULL,SAN MARINO,NULL
"61","1988",NULL,NULL,COVEITE,APENAS ALTERAÇÃO DE 
"117","3913",NULL,NULL,JAMAICA,NULL
"236","8109",NULL,NULL,TONGA,NULL
"95","3212",NULL,NULL,GUERNSEY, ILHA DO CANAL (INCLUI ALDERNEY E SARK)
"104","3514",NULL,NULL,HONG KONG,NULL
"163","5312",NULL,NULL,NIUE,ILHA
"198","6912",NULL,NULL,SAMOA AMERICANA,NULL
"45","1538",NULL,NULL,CAZAQUISTAO, REPUBLICA DO
"229","7820",NULL,NULL,TERRITORIO BRIT.OC.INDICO,NULL
"190","6653",NULL,NULL,ZIMBABUE,NULL
"157","5088",NULL,NULL,NAURU,NULL
"123","4235",NULL,NULL,LEBUAN,ILHAS
"80","2674",NULL,NULL,FILIPINAS,NULL
"38","1279",NULL,NULL,CABO VERDE, REPUBLICA DE
"54","1775",NULL,NULL,CONGO,NULL
"224","7706",NULL,NULL,SURINAME,NULL
"125","4278",NULL,NULL,LETONIA, REPUBLICA DA
"225","7722",NULL,NULL,TADJIQUISTAO, REPUBLICA DO
"88","2933",NULL,NULL,GIBRALTAR,NULL
"49","1619",NULL,NULL,FORMOSA (TAIWAN),NULL
"87","2925",NULL,NULL,ILHAS GEORGIA DO SUL E SANDWICH DO SUL,INCLUÍDO
"28","973",NULL,NULL,BOLIVIA, ESTADO PLURINACIONAL DA
"60","1961",NULL,NULL,COSTA RICA,NULL
"228","7811",NULL,NULL,TERRAS AUSTRAIS E ANTARTICAS FRANCESAS,INCLUÍDO
"239","8230",NULL,NULL,TURCAS E CAICOS,ILHAS
"189","6602",NULL,NULL,REUNIAO, ILHA
"147","4898",NULL,NULL,MAYOTTE (ILHAS FRANCESAS),INCLUÍDO
"76","2518",NULL,NULL,ESTONIA, REPUBLICA DA
"169","5517",NULL,NULL,VANUATU,NULL
"193","6769",NULL,NULL,RUSSIA, FEDERACAO DA
"62","1988",NULL,NULL,KUWAIT,APENAS ALTERAÇÃO DE 
"106","3573",NULL,NULL,IEMEN,NULL
"159","5177",NULL,NULL,NEPAL,NULL
"132","4472",NULL,NULL,MACAU,NULL
"81","2712",NULL,NULL,FINLANDIA,NULL
"13","639",NULL,NULL,ARGENTINA,NULL
"154","5010",NULL,NULL,MONTSERRAT,ILHAS
"77","2534",NULL,NULL,ETIOPIA,NULL
"2","153",NULL,NULL,ALAND, ILHAS
"203","6998",NULL,NULL,SAO MARTINHO, ILHA DE (PARTE HOLANDESA)
"158","5118",NULL,NULL,CHRISTMAS,ILHA (NAVIDAD)
"57","1902",NULL,NULL,COREIA (DO SUL), REPUBLICA DA
"20","809",NULL,NULL,BAHREIN, ILHAS
"216","7501",NULL,NULL,SRI LANKA,NULL
"221","7600",NULL,NULL,SUDÃO DO SUL,NULL
"155","5053",NULL,NULL,MOCAMBIQUE,NULL
"32","9999",NULL,NULL,BOUVET, ILHA
"164","5355",NULL,NULL,NORFOLK,ILHA
"14","647",NULL,NULL,ARMENIA, REPUBLICA DA
"173","5754",NULL,NULL,PALAU,NULL
"149","4944",NULL,NULL,MOLDAVIA, REPUBLICA DA
"156","5070",NULL,NULL,NAMIBIA,NULL
"93","3131",NULL,NULL,GUAM,NULL
"99","3344",NULL,NULL,GUINE-BISSAU,NULL
"160","5215",NULL,NULL,NICARAGUA,NULL
"247","8486",NULL,NULL,VATICANO, EST.DA CIDADE DO
"101","3417",NULL,NULL,HAITI,NULL
"108","3599",NULL,NULL,BONAIRE,ALTERADO
"141","4740",NULL,NULL,MARROCOS,NULL
"116","3867",NULL,NULL,ITALIA,NULL
"244","8338",NULL,NULL,UGANDA,NULL
"213","7412",NULL,NULL,CINGAPURA,NULL
"211","7358",NULL,NULL,SERRA LEOA,NULL
"146","4885",NULL,NULL,MAYOTTE (ILHAS FRANCESAS),ALTERADO
"139","4677",NULL,NULL,MALTA,NULL
"130","4421",NULL,NULL,LITUANIA, REPUBLICA DA
"220","7595",NULL,NULL,SUDAO,NULL
"23","850",NULL,NULL,BELARUS, REPUBLICA DA
"140","4723",NULL,NULL,MARIANAS DO NORTE,NULL
"168","5487",NULL,NULL,NOVA ZELANDIA,NULL
"172","5738",NULL,NULL,PAISES BAIXOS (HOLANDA),NULL
"124","4260",NULL,NULL,LESOTO,NULL
"21","817",NULL,NULL,BANGLADESH,NULL
"51","1651",NULL,NULL,COCOS(KEELING),ILHAS
"205","7056",NULL,NULL,SAO VICENTE E GRANADINAS,NULL
"85","2895",NULL,NULL,GANA,NULL
"187","6408",NULL,NULL,REPUBLICA CENTRO-AFRICANA,NULL
"98","3310",NULL,NULL,GUINE-EQUATORIAL,NULL
"59","1953",NULL,NULL,CROACIA (REPUBLICA DA),NULL
"73","2461",NULL,NULL,ESLOVENIA, REPUBLICA DA
"97","3298",NULL,NULL,GUINE,NULL
"152","4985",NULL,NULL,MONTENEGRO,NULL
"241","8273",NULL,NULL,TURQUIA,NULL
"119","3999",NULL,NULL,JAPAO,NULL
"64","2003",NULL,NULL,CURACAO,ALTERADO
"212","7370",NULL,NULL,SERVIA,NULL
"251","8664",NULL,NULL,VIRGENS,ILHAS (E.U.A.)
"6","370",NULL,NULL,ANDORRA,NULL
"215","7480",NULL,NULL,SOMALIA,NULL
"25","884",NULL,NULL,BELIZE,NULL
"84","2852",NULL,NULL,GAMBIA,NULL
"11","531",NULL,NULL,ARABIA SAUDITA,NULL
"72","2453",NULL,NULL,ESPANHA,NULL
"22","833",NULL,NULL,BARBADOS,NULL
"47","1589",NULL,NULL,CHILE,NULL
"35","1112",NULL,NULL,BULGARIA, REPUBLICA DA
"217","7544",NULL,NULL,ESSUATINI,APENAS ALTERAÇÃO DE 
"133","4499",NULL,NULL,MACEDONIA DO NORTE,APENAS ALTERAÇÃO DE 
"243","8311",NULL,NULL,UCRANIA,NULL
"192","6750",NULL,NULL,RUANDA,NULL
"235","8052",NULL,NULL,TOQUELAU,ILHAS
"1","132",NULL,NULL,AFEGANISTAO,NULL
"44","1508","2018-05-31 00:00:00.0000000","2006-01-01 00:00:00.0000000",JERSEY, ILHA DO CANAL
"136","4588",NULL,NULL,MALAVI,NULL
"114","3794",NULL,NULL,ISLANDIA,NULL
"91","3050",NULL,NULL,GROENLANDIA,NULL
"227","7803",NULL,NULL,TANZANIA, REP.UNIDA DA
"100","3379",NULL,NULL,GUIANA,NULL
"105","3557",NULL,NULL,HUNGRIA, REPUBLICA DA
"176","5800",NULL,NULL,PANAMA,NULL
"12","590",NULL,NULL,ARGELIA,NULL
"94","3174",NULL,NULL,GUATEMALA,NULL
"202","6980",NULL,NULL,SAO MARTINHO, ILHA DE (PARTE FRANCESA)
"127","4340",NULL,NULL,LIBERIA,NULL
"166","5428",NULL,NULL,NOVA CALEDONIA,NULL
"40","1414",NULL,NULL,CAMBOJA,NULL
"8","418",NULL,NULL,ANGUILLA,NULL
"55","1830",NULL,NULL,COOK, ILHAS
"143","4774",NULL,NULL,MARTINICA,NULL
"199","6955",NULL,NULL,SAO CRISTOVAO E NEVES,ILHAS
"208","7200",NULL,NULL,SAO TOME E PRINCIPE, ILHAS
"34","1082",NULL,NULL,BRUNEI,NULL
"67","2356",NULL,NULL,DOMINICA,ILHA
"231","7889",NULL,NULL,CHADE,NULL
"151","4979",NULL,NULL,MONGOLIA,NULL
"204","7005",NULL,NULL,SAO PEDRO E MIQUELON,NULL
"122","4200",NULL,NULL,LAOS, REP.POP.DEMOCR.DO
"118","3930",NULL,NULL,JERSEY, ILHA DO CANAL
"144","4855",NULL,NULL,MAURICIO,NULL
"82","2755",NULL,NULL,FRANCA,NULL
"254","8885",NULL,NULL,CONGO, REPUBLICA DEMOCRATICA DO
"148","4936",NULL,NULL,MEXICO,NULL
"103","3450",NULL,NULL,HONDURAS,NULL
"71","2445",NULL,NULL,EMIRADOS ARABES UNIDOS,NULL
"181","6033",NULL,NULL,POLONIA, REPUBLICA DA
"36","1155",NULL,NULL,BURUNDI,NULL
"65","2291",NULL,NULL,BENIN,NULL
"27","930",NULL,NULL,MIANMAR (BIRMANIA),NULL
